enrollee_id,target
23603,0.17346938775510204
22499,0.17346938775510204
10465,0.17346938775510204
8293,0.17346938775510204
4246,0.17346938775510204
29306,0.17346938775510204
23118,0.5941828254847645
32832,0.17346938775510204
13380,0.17346938775510204
16102,0.5941828254847645
21761,0.17346938775510204
26112,0.17346938775510204
24468,0.17346938775510204
27200,0.17346938775510204
14341,0.17346938775510204
31993,0.17346938775510204
6811,0.5941828254847645
8854,0.17346938775510204
9709,0.17346938775510204
24656,0.17346938775510204
8464,0.5941828254847645
14522,0.17346938775510204
22739,0.17346938775510204
15368,0.17346938775510204
31516,0.17346938775510204
23444,0.17346938775510204
19454,0.17346938775510204
7319,0.17346938775510204
32762,0.17346938775510204
28893,0.17346938775510204
2334,0.17346938775510204
27287,0.17346938775510204
6470,0.17346938775510204
5607,0.17346938775510204
1652,0.17346938775510204
32671,0.5941828254847645
26165,0.17346938775510204
26033,0.17346938775510204
21060,0.17346938775510204
1735,0.17346938775510204
12103,0.17346938775510204
1204,0.17346938775510204
2406,0.17346938775510204
22521,0.17346938775510204
32178,0.17346938775510204
15624,0.17346938775510204
5883,0.17346938775510204
23845,0.17346938775510204
3724,0.17346938775510204
13252,0.17346938775510204
22987,0.17346938775510204
10755,0.5941828254847645
23310,0.17346938775510204
4780,0.17346938775510204
10577,0.17346938775510204
7756,0.17346938775510204
17407,0.17346938775510204
3940,0.17346938775510204
4775,0.17346938775510204
29135,0.17346938775510204
23987,0.17346938775510204
28624,0.17346938775510204
24436,0.17346938775510204
14634,0.5941828254847645
20127,0.17346938775510204
21207,0.17346938775510204
20879,0.17346938775510204
2879,0.17346938775510204
20912,0.17346938775510204
19212,0.17346938775510204
30182,0.17346938775510204
11573,0.17346938775510204
12721,0.17346938775510204
17161,0.17346938775510204
8857,0.17346938775510204
7546,0.17346938775510204
18702,0.17346938775510204
11526,0.17346938775510204
24097,0.17346938775510204
2477,0.17346938775510204
14472,0.17346938775510204
312,0.17346938775510204
12342,0.17346938775510204
17790,0.5941828254847645
766,0.17346938775510204
12396,0.17346938775510204
6825,0.17346938775510204
20581,0.17346938775510204
30072,0.17346938775510204
23143,0.17346938775510204
9627,0.5941828254847645
18582,0.17346938775510204
1676,0.17346938775510204
9357,0.17346938775510204
27993,0.17346938775510204
8158,0.17346938775510204
21086,0.17346938775510204
10333,0.17346938775510204
18504,0.17346938775510204
27533,0.17346938775510204
4123,0.17346938775510204
5437,0.17346938775510204
10448,0.17346938775510204
17868,0.17346938775510204
17398,0.17346938775510204
25573,0.17346938775510204
21458,0.17346938775510204
20974,0.17346938775510204
5912,0.17346938775510204
709,0.17346938775510204
3089,0.17346938775510204
16437,0.17346938775510204
15321,0.17346938775510204
15795,0.17346938775510204
18478,0.17346938775510204
528,0.17346938775510204
11315,0.17346938775510204
22769,0.17346938775510204
26708,0.17346938775510204
4402,0.17346938775510204
23152,0.17346938775510204
10359,0.17346938775510204
9179,0.5941828254847645
26693,0.17346938775510204
14196,0.17346938775510204
16769,0.17346938775510204
5447,0.17346938775510204
6288,0.17346938775510204
28582,0.17346938775510204
21600,0.17346938775510204
15597,0.17346938775510204
15868,0.17346938775510204
3981,0.17346938775510204
4881,0.17346938775510204
32433,0.17346938775510204
15798,0.17346938775510204
31076,0.17346938775510204
19845,0.17346938775510204
28628,0.17346938775510204
9610,0.17346938775510204
25124,0.17346938775510204
25278,0.17346938775510204
12670,0.17346938775510204
28725,0.17346938775510204
18514,0.17346938775510204
2698,0.17346938775510204
3783,0.17346938775510204
33075,0.17346938775510204
18468,0.5941828254847645
20936,0.17346938775510204
2341,0.17346938775510204
22281,0.17346938775510204
31200,0.17346938775510204
15424,0.17346938775510204
31788,0.17346938775510204
10695,0.17346938775510204
5452,0.17346938775510204
32326,0.17346938775510204
277,0.17346938775510204
29616,0.17346938775510204
19536,0.17346938775510204
14326,0.17346938775510204
18191,0.17346938775510204
17629,0.17346938775510204
7988,0.17346938775510204
27623,0.5941828254847645
20845,0.17346938775510204
19308,0.17346938775510204
12644,0.17346938775510204
6708,0.17346938775510204
1625,0.17346938775510204
27738,0.17346938775510204
10942,0.5941828254847645
15481,0.17346938775510204
10085,0.17346938775510204
18835,0.17346938775510204
15804,0.17346938775510204
24330,0.5941828254847645
11812,0.17346938775510204
12863,0.17346938775510204
3172,0.17346938775510204
18080,0.17346938775510204
27986,0.17346938775510204
31022,0.17346938775510204
32728,0.17346938775510204
13376,0.5941828254847645
3248,0.17346938775510204
28858,0.17346938775510204
14590,0.17346938775510204
16405,0.5941828254847645
7919,0.17346938775510204
29661,0.17346938775510204
28749,0.17346938775510204
18329,0.17346938775510204
9212,0.17346938775510204
28006,0.17346938775510204
30804,0.17346938775510204
15664,0.17346938775510204
9391,0.17346938775510204
25836,0.17346938775510204
14476,0.17346938775510204
1602,0.17346938775510204
7604,0.17346938775510204
28697,0.17346938775510204
8908,0.17346938775510204
24469,0.17346938775510204
32290,0.17346938775510204
27040,0.17346938775510204
16080,0.17346938775510204
25525,0.17346938775510204
5385,0.17346938775510204
12439,0.17346938775510204
4922,0.17346938775510204
12408,0.17346938775510204
2069,0.17346938775510204
306,0.17346938775510204
26113,0.17346938775510204
8866,0.17346938775510204
24338,0.17346938775510204
26881,0.17346938775510204
4165,0.17346938775510204
18995,0.17346938775510204
18459,0.17346938775510204
10870,0.5941828254847645
281,0.17346938775510204
4313,0.17346938775510204
2310,0.17346938775510204
31155,0.17346938775510204
23895,0.17346938775510204
7572,0.17346938775510204
11022,0.17346938775510204
21964,0.17346938775510204
2479,0.17346938775510204
8933,0.17346938775510204
138,0.17346938775510204
5846,0.17346938775510204
12469,0.17346938775510204
2967,0.17346938775510204
3464,0.17346938775510204
16177,0.17346938775510204
11991,0.17346938775510204
19207,0.17346938775510204
21543,0.17346938775510204
5414,0.17346938775510204
29017,0.17346938775510204
24758,0.17346938775510204
18181,0.17346938775510204
18335,0.17346938775510204
18223,0.17346938775510204
18603,0.17346938775510204
10764,0.17346938775510204
9226,0.17346938775510204
13923,0.17346938775510204
7493,0.17346938775510204
6800,0.17346938775510204
30234,0.17346938775510204
31607,0.17346938775510204
29896,0.17346938775510204
19912,0.17346938775510204
11587,0.17346938775510204
32852,0.17346938775510204
7177,0.17346938775510204
28051,0.17346938775510204
25877,0.17346938775510204
11362,0.17346938775510204
27324,0.17346938775510204
6042,0.17346938775510204
4751,0.17346938775510204
11941,0.17346938775510204
30832,0.17346938775510204
18204,0.17346938775510204
13433,0.17346938775510204
33144,0.17346938775510204
8247,0.17346938775510204
23877,0.17346938775510204
2590,0.17346938775510204
14824,0.17346938775510204
29867,0.17346938775510204
4533,0.17346938775510204
5775,0.17346938775510204
16726,0.17346938775510204
15415,0.17346938775510204
10323,0.17346938775510204
9565,0.17346938775510204
10501,0.17346938775510204
8261,0.5941828254847645
19119,0.17346938775510204
32195,0.17346938775510204
7219,0.17346938775510204
12099,0.17346938775510204
5987,0.17346938775510204
23035,0.17346938775510204
31842,0.17346938775510204
17819,0.17346938775510204
2800,0.17346938775510204
13520,0.17346938775510204
22951,0.17346938775510204
20915,0.17346938775510204
13458,0.17346938775510204
13547,0.17346938775510204
11552,0.17346938775510204
15596,0.17346938775510204
20950,0.17346938775510204
29308,0.17346938775510204
20016,0.17346938775510204
9446,0.17346938775510204
7247,0.17346938775510204
11328,0.5941828254847645
26313,0.17346938775510204
9751,0.17346938775510204
10415,0.17346938775510204
9576,0.5941828254847645
32699,0.17346938775510204
8624,0.17346938775510204
17585,0.17346938775510204
29646,0.5941828254847645
24547,0.17346938775510204
16147,0.17346938775510204
1192,0.17346938775510204
23086,0.17346938775510204
664,0.17346938775510204
15026,0.17346938775510204
9311,0.17346938775510204
30556,0.5941828254847645
17965,0.17346938775510204
23197,0.17346938775510204
16397,0.17346938775510204
25796,0.17346938775510204
27599,0.17346938775510204
5963,0.17346938775510204
28747,0.17346938775510204
18347,0.5941828254847645
4127,0.17346938775510204
32476,0.17346938775510204
18680,0.17346938775510204
29747,0.17346938775510204
872,0.17346938775510204
9427,0.17346938775510204
17182,0.17346938775510204
17326,0.17346938775510204
12200,0.17346938775510204
21781,0.5941828254847645
4577,0.17346938775510204
32769,0.17346938775510204
2154,0.17346938775510204
491,0.17346938775510204
32442,0.17346938775510204
27997,0.17346938775510204
29160,0.17346938775510204
28026,0.17346938775510204
14721,0.17346938775510204
33190,0.17346938775510204
2524,0.17346938775510204
30172,0.17346938775510204
11578,0.17346938775510204
17801,0.17346938775510204
33274,0.17346938775510204
28141,0.17346938775510204
5418,0.17346938775510204
15504,0.17346938775510204
13683,0.17346938775510204
32402,0.17346938775510204
31168,0.17346938775510204
17946,0.17346938775510204
5686,0.17346938775510204
7342,0.17346938775510204
2948,0.17346938775510204
33250,0.17346938775510204
11771,0.17346938775510204
32138,0.17346938775510204
30894,0.17346938775510204
10768,0.17346938775510204
26012,0.17346938775510204
1586,0.17346938775510204
28314,0.17346938775510204
6283,0.17346938775510204
16969,0.17346938775510204
16837,0.17346938775510204
15354,0.5941828254847645
14825,0.17346938775510204
16220,0.17346938775510204
3494,0.17346938775510204
23222,0.17346938775510204
6075,0.17346938775510204
1766,0.17346938775510204
28925,0.17346938775510204
8452,0.17346938775510204
13756,0.17346938775510204
31085,0.17346938775510204
1297,0.17346938775510204
4254,0.17346938775510204
14597,0.17346938775510204
10504,0.17346938775510204
26363,0.17346938775510204
10104,0.17346938775510204
1265,0.17346938775510204
20324,0.17346938775510204
10249,0.17346938775510204
8097,0.17346938775510204
27168,0.17346938775510204
8739,0.17346938775510204
32192,0.17346938775510204
666,0.17346938775510204
24305,0.17346938775510204
10210,0.17346938775510204
31875,0.17346938775510204
27160,0.17346938775510204
9912,0.17346938775510204
16442,0.17346938775510204
17517,0.17346938775510204
10924,0.17346938775510204
15796,0.17346938775510204
20452,0.17346938775510204
893,0.17346938775510204
3684,0.17346938775510204
19484,0.17346938775510204
258,0.17346938775510204
27274,0.17346938775510204
15082,0.17346938775510204
13763,0.17346938775510204
31275,0.17346938775510204
3403,0.17346938775510204
24337,0.17346938775510204
1872,0.17346938775510204
15154,0.5941828254847645
25343,0.17346938775510204
22742,0.17346938775510204
1343,0.17346938775510204
14386,0.17346938775510204
11840,0.17346938775510204
22847,0.17346938775510204
14389,0.17346938775510204
7491,0.17346938775510204
21376,0.17346938775510204
33231,0.17346938775510204
30845,0.17346938775510204
23109,0.17346938775510204
23525,0.17346938775510204
24674,0.17346938775510204
33157,0.5941828254847645
10840,0.17346938775510204
8793,0.17346938775510204
1020,0.17346938775510204
1417,0.17346938775510204
28125,0.17346938775510204
16417,0.17346938775510204
20462,0.17346938775510204
28256,0.17346938775510204
32992,0.17346938775510204
19219,0.17346938775510204
24877,0.17346938775510204
28828,0.17346938775510204
22052,0.17346938775510204
20524,0.17346938775510204
15152,0.17346938775510204
32742,0.17346938775510204
22626,0.17346938775510204
31221,0.17346938775510204
22319,0.17346938775510204
22098,0.17346938775510204
17,0.17346938775510204
20529,0.5941828254847645
16534,0.17346938775510204
14864,0.17346938775510204
25368,0.17346938775510204
24262,0.5941828254847645
23955,0.17346938775510204
19497,0.17346938775510204
27359,0.5941828254847645
8336,0.17346938775510204
25048,0.17346938775510204
10190,0.17346938775510204
8883,0.17346938775510204
15313,0.17346938775510204
9589,0.17346938775510204
18466,0.17346938775510204
15875,0.17346938775510204
2127,0.17346938775510204
13754,0.17346938775510204
21319,0.17346938775510204
29846,0.5941828254847645
29023,0.17346938775510204
19998,0.17346938775510204
13773,0.17346938775510204
22385,0.17346938775510204
27817,0.17346938775510204
2055,0.17346938775510204
16176,0.17346938775510204
29878,0.17346938775510204
30328,0.17346938775510204
1755,0.17346938775510204
31857,0.17346938775510204
32953,0.17346938775510204
30594,0.17346938775510204
8706,0.17346938775510204
29201,0.17346938775510204
1139,0.17346938775510204
7882,0.17346938775510204
25831,0.17346938775510204
32128,0.17346938775510204
7104,0.17346938775510204
25881,0.17346938775510204
25123,0.17346938775510204
18930,0.17346938775510204
24568,0.17346938775510204
29220,0.17346938775510204
9077,0.17346938775510204
15148,0.17346938775510204
1389,0.17346938775510204
32984,0.17346938775510204
30518,0.17346938775510204
28357,0.17346938775510204
9540,0.17346938775510204
7047,0.17346938775510204
26299,0.17346938775510204
26833,0.17346938775510204
25822,0.17346938775510204
5602,0.17346938775510204
22651,0.17346938775510204
30126,0.17346938775510204
27356,0.17346938775510204
10515,0.17346938775510204
5673,0.17346938775510204
25239,0.17346938775510204
23726,0.17346938775510204
30919,0.17346938775510204
20414,0.17346938775510204
22299,0.17346938775510204
28056,0.17346938775510204
25969,0.17346938775510204
5011,0.17346938775510204
31745,0.17346938775510204
16615,0.17346938775510204
26515,0.17346938775510204
17735,0.17346938775510204
14960,0.17346938775510204
30438,0.17346938775510204
2319,0.17346938775510204
33150,0.17346938775510204
7935,0.17346938775510204
15260,0.17346938775510204
2903,0.17346938775510204
1596,0.17346938775510204
13926,0.17346938775510204
29485,0.17346938775510204
182,0.17346938775510204
10186,0.17346938775510204
27275,0.17346938775510204
16304,0.17346938775510204
18838,0.17346938775510204
8245,0.17346938775510204
26826,0.17346938775510204
17813,0.17346938775510204
33031,0.17346938775510204
32118,0.17346938775510204
133,0.17346938775510204
15437,0.17346938775510204
7498,0.17346938775510204
11259,0.17346938775510204
8045,0.17346938775510204
24520,0.17346938775510204
18957,0.17346938775510204
32492,0.17346938775510204
4909,0.17346938775510204
26920,0.17346938775510204
25086,0.17346938775510204
11438,0.17346938775510204
26127,0.17346938775510204
27690,0.17346938775510204
22304,0.17346938775510204
29084,0.17346938775510204
23441,0.17346938775510204
24084,0.17346938775510204
19645,0.17346938775510204
30214,0.17346938775510204
28750,0.17346938775510204
6516,0.17346938775510204
18026,0.17346938775510204
4792,0.17346938775510204
10165,0.17346938775510204
8157,0.17346938775510204
27539,0.17346938775510204
2438,0.17346938775510204
1688,0.17346938775510204
28444,0.17346938775510204
32901,0.17346938775510204
23573,0.17346938775510204
23697,0.17346938775510204
10305,0.17346938775510204
531,0.17346938775510204
22411,0.17346938775510204
23069,0.17346938775510204
502,0.17346938775510204
12763,0.17346938775510204
16070,0.17346938775510204
6005,0.17346938775510204
26504,0.17346938775510204
11863,0.17346938775510204
16066,0.17346938775510204
28780,0.17346938775510204
24835,0.17346938775510204
29385,0.17346938775510204
4815,0.17346938775510204
17534,0.17346938775510204
18506,0.17346938775510204
22205,0.17346938775510204
29600,0.17346938775510204
23083,0.17346938775510204
12244,0.17346938775510204
22614,0.17346938775510204
25434,0.17346938775510204
22159,0.17346938775510204
33331,0.17346938775510204
32967,0.17346938775510204
6836,0.17346938775510204
20485,0.17346938775510204
16762,0.17346938775510204
25403,0.17346938775510204
8502,0.17346938775510204
17231,0.17346938775510204
20674,0.17346938775510204
19778,0.17346938775510204
9712,0.17346938775510204
21151,0.17346938775510204
1820,0.5941828254847645
12403,0.5941828254847645
33253,0.17346938775510204
3227,0.17346938775510204
26135,0.17346938775510204
26948,0.17346938775510204
15818,0.17346938775510204
32538,0.17346938775510204
19562,0.17346938775510204
31741,0.17346938775510204
27723,0.17346938775510204
23588,0.17346938775510204
13702,0.17346938775510204
6915,0.17346938775510204
7714,0.17346938775510204
5767,0.17346938775510204
10673,0.17346938775510204
5535,0.17346938775510204
16656,0.17346938775510204
9676,0.17346938775510204
2866,0.17346938775510204
10032,0.17346938775510204
3599,0.17346938775510204
6436,0.17346938775510204
15983,0.17346938775510204
31713,0.17346938775510204
5168,0.17346938775510204
7436,0.17346938775510204
15572,0.17346938775510204
13597,0.17346938775510204
4133,0.17346938775510204
27850,0.17346938775510204
14847,0.17346938775510204
29004,0.17346938775510204
16549,0.17346938775510204
24696,0.17346938775510204
28508,0.17346938775510204
32954,0.17346938775510204
26620,0.17346938775510204
3922,0.17346938775510204
3093,0.17346938775510204
26557,0.17346938775510204
17840,0.17346938775510204
32045,0.17346938775510204
8521,0.17346938775510204
12595,0.17346938775510204
7607,0.5941828254847645
3729,0.17346938775510204
9392,0.17346938775510204
16740,0.17346938775510204
22872,0.17346938775510204
3688,0.17346938775510204
8557,0.17346938775510204
8128,0.5941828254847645
32554,0.17346938775510204
19089,0.17346938775510204
5269,0.17346938775510204
20530,0.17346938775510204
15919,0.17346938775510204
15114,0.17346938775510204
23676,0.17346938775510204
2202,0.17346938775510204
30450,0.17346938775510204
31810,0.17346938775510204
32443,0.17346938775510204
26529,0.17346938775510204
25026,0.17346938775510204
5707,0.17346938775510204
5382,0.17346938775510204
10178,0.17346938775510204
24448,0.17346938775510204
5747,0.5941828254847645
24692,0.17346938775510204
1889,0.17346938775510204
8683,0.17346938775510204
264,0.17346938775510204
28967,0.5941828254847645
315,0.17346938775510204
5148,0.17346938775510204
13770,0.5941828254847645
7303,0.17346938775510204
1477,0.17346938775510204
22627,0.17346938775510204
19353,0.17346938775510204
299,0.17346938775510204
22810,0.17346938775510204
19442,0.17346938775510204
14246,0.17346938775510204
3002,0.17346938775510204
30290,0.17346938775510204
21562,0.17346938775510204
18231,0.17346938775510204
13932,0.17346938775510204
16382,0.17346938775510204
10496,0.17346938775510204
7435,0.17346938775510204
11794,0.17346938775510204
22285,0.17346938775510204
26934,0.17346938775510204
10459,0.17346938775510204
10929,0.17346938775510204
10659,0.17346938775510204
32548,0.17346938775510204
4239,0.17346938775510204
16496,0.17346938775510204
24083,0.17346938775510204
13076,0.17346938775510204
26145,0.17346938775510204
12842,0.17346938775510204
13636,0.17346938775510204
7379,0.17346938775510204
9722,0.17346938775510204
26540,0.17346938775510204
4117,0.17346938775510204
32711,0.17346938775510204
29391,0.17346938775510204
16144,0.17346938775510204
24029,0.17346938775510204
13938,0.17346938775510204
27218,0.17346938775510204
1309,0.17346938775510204
25912,0.17346938775510204
18482,0.17346938775510204
25625,0.17346938775510204
12066,0.5941828254847645
1004,0.17346938775510204
25779,0.17346938775510204
20355,0.17346938775510204
2795,0.17346938775510204
32485,0.17346938775510204
16185,0.17346938775510204
211,0.17346938775510204
24406,0.17346938775510204
30257,0.5941828254847645
23205,0.17346938775510204
19392,0.17346938775510204
7150,0.17346938775510204
18987,0.17346938775510204
21048,0.17346938775510204
27094,0.17346938775510204
30761,0.17346938775510204
3104,0.17346938775510204
22396,0.5941828254847645
14990,0.17346938775510204
28023,0.17346938775510204
17040,0.17346938775510204
1987,0.5941828254847645
31941,0.17346938775510204
31327,0.17346938775510204
12013,0.17346938775510204
17330,0.17346938775510204
15498,0.17346938775510204
29365,0.17346938775510204
5334,0.17346938775510204
11720,0.17346938775510204
2514,0.17346938775510204
5796,0.17346938775510204
25215,0.17346938775510204
3869,0.17346938775510204
18001,0.17346938775510204
6618,0.17346938775510204
26048,0.17346938775510204
26584,0.17346938775510204
8139,0.17346938775510204
14851,0.17346938775510204
28922,0.17346938775510204
25901,0.17346938775510204
22475,0.17346938775510204
19233,0.17346938775510204
1015,0.17346938775510204
8838,0.5941828254847645
7249,0.17346938775510204
17784,0.5941828254847645
16882,0.17346938775510204
20202,0.17346938775510204
6189,0.17346938775510204
25245,0.17346938775510204
9080,0.17346938775510204
241,0.17346938775510204
12805,0.17346938775510204
21837,0.17346938775510204
23156,0.17346938775510204
1486,0.17346938775510204
27518,0.17346938775510204
21065,0.17346938775510204
6658,0.17346938775510204
28990,0.17346938775510204
15931,0.17346938775510204
23875,0.17346938775510204
16795,0.17346938775510204
27431,0.5941828254847645
14978,0.17346938775510204
2636,0.17346938775510204
19453,0.17346938775510204
27893,0.17346938775510204
17696,0.17346938775510204
19033,0.17346938775510204
19623,0.17346938775510204
2857,0.17346938775510204
2480,0.17346938775510204
14868,0.17346938775510204
28374,0.17346938775510204
12104,0.17346938775510204
22388,0.17346938775510204
6670,0.17346938775510204
33016,0.17346938775510204
24327,0.17346938775510204
10512,0.17346938775510204
8936,0.17346938775510204
9393,0.17346938775510204
23028,0.17346938775510204
28739,0.17346938775510204
21118,0.17346938775510204
19906,0.17346938775510204
31901,0.17346938775510204
25795,0.17346938775510204
13973,0.17346938775510204
10211,0.17346938775510204
31487,0.17346938775510204
6812,0.17346938775510204
6126,0.17346938775510204
2377,0.17346938775510204
8682,0.17346938775510204
14097,0.17346938775510204
15394,0.17346938775510204
11337,0.17346938775510204
29273,0.17346938775510204
31074,0.5941828254847645
7892,0.17346938775510204
13649,0.5941828254847645
23814,0.17346938775510204
31740,0.5941828254847645
11396,0.17346938775510204
33153,0.17346938775510204
25878,0.17346938775510204
24853,0.17346938775510204
17972,0.17346938775510204
20030,0.17346938775510204
20806,0.17346938775510204
17916,0.17346938775510204
15370,0.17346938775510204
6707,0.17346938775510204
31145,0.17346938775510204
4010,0.17346938775510204
24682,0.17346938775510204
21764,0.17346938775510204
13474,0.17346938775510204
23378,0.17346938775510204
14839,0.17346938775510204
20895,0.17346938775510204
33315,0.17346938775510204
29279,0.17346938775510204
2836,0.17346938775510204
17313,0.17346938775510204
7404,0.17346938775510204
1908,0.17346938775510204
5378,0.17346938775510204
26355,0.17346938775510204
21045,0.17346938775510204
6386,0.17346938775510204
17401,0.17346938775510204
19789,0.17346938775510204
638,0.17346938775510204
2916,0.17346938775510204
29621,0.17346938775510204
2255,0.17346938775510204
919,0.17346938775510204
4575,0.17346938775510204
13130,0.17346938775510204
15252,0.17346938775510204
11018,0.5941828254847645
23119,0.17346938775510204
15715,0.17346938775510204
2493,0.17346938775510204
23517,0.17346938775510204
21736,0.17346938775510204
25685,0.17346938775510204
31401,0.17346938775510204
29161,0.17346938775510204
14492,0.17346938775510204
25158,0.5941828254847645
11262,0.17346938775510204
22365,0.17346938775510204
16114,0.17346938775510204
776,0.17346938775510204
11068,0.17346938775510204
9166,0.17346938775510204
31062,0.17346938775510204
8082,0.17346938775510204
11591,0.17346938775510204
24634,0.17346938775510204
25392,0.17346938775510204
16951,0.17346938775510204
30732,0.17346938775510204
10627,0.17346938775510204
7044,0.17346938775510204
6669,0.17346938775510204
25695,0.17346938775510204
7264,0.17346938775510204
24935,0.17346938775510204
25626,0.17346938775510204
23206,0.17346938775510204
9748,0.17346938775510204
28239,0.17346938775510204
20704,0.17346938775510204
32772,0.17346938775510204
8295,0.17346938775510204
32872,0.17346938775510204
31021,0.5941828254847645
26820,0.17346938775510204
3206,0.17346938775510204
9054,0.17346938775510204
30349,0.17346938775510204
30074,0.17346938775510204
21443,0.17346938775510204
4096,0.17346938775510204
21093,0.17346938775510204
29721,0.17346938775510204
29420,0.17346938775510204
7273,0.17346938775510204
28245,0.17346938775510204
11870,0.17346938775510204
5582,0.17346938775510204
18667,0.17346938775510204
512,0.17346938775510204
29029,0.17346938775510204
26203,0.17346938775510204
1501,0.17346938775510204
2722,0.17346938775510204
32581,0.17346938775510204
15940,0.17346938775510204
18284,0.17346938775510204
30017,0.17346938775510204
15377,0.17346938775510204
4887,0.17346938775510204
3133,0.17346938775510204
5554,0.17346938775510204
29569,0.17346938775510204
6700,0.17346938775510204
26593,0.17346938775510204
19448,0.17346938775510204
31619,0.17346938775510204
18058,0.17346938775510204
2760,0.17346938775510204
28789,0.17346938775510204
2928,0.17346938775510204
2459,0.17346938775510204
4490,0.17346938775510204
31665,0.17346938775510204
11424,0.17346938775510204
21375,0.17346938775510204
20374,0.17346938775510204
20599,0.17346938775510204
17781,0.17346938775510204
8581,0.17346938775510204
12145,0.17346938775510204
20664,0.17346938775510204
26394,0.5941828254847645
790,0.17346938775510204
4191,0.17346938775510204
23531,0.17346938775510204
32307,0.17346938775510204
21183,0.17346938775510204
7955,0.17346938775510204
7517,0.17346938775510204
13343,0.17346938775510204
8301,0.5941828254847645
10018,0.17346938775510204
17002,0.17346938775510204
19084,0.17346938775510204
14862,0.17346938775510204
22131,0.17346938775510204
23971,0.17346938775510204
24356,0.17346938775510204
31172,0.17346938775510204
27017,0.17346938775510204
2774,0.17346938775510204
24035,0.17346938775510204
4131,0.17346938775510204
24750,0.17346938775510204
17799,0.17346938775510204
7941,0.17346938775510204
17734,0.17346938775510204
841,0.17346938775510204
1819,0.17346938775510204
7579,0.17346938775510204
22128,0.17346938775510204
5314,0.17346938775510204
8986,0.17346938775510204
12509,0.17346938775510204
29967,0.17346938775510204
3273,0.17346938775510204
3367,0.17346938775510204
27494,0.17346938775510204
10594,0.17346938775510204
26306,0.17346938775510204
12269,0.17346938775510204
16200,0.17346938775510204
21517,0.17346938775510204
31342,0.17346938775510204
8224,0.17346938775510204
14087,0.17346938775510204
5791,0.17346938775510204
27421,0.17346938775510204
16434,0.17346938775510204
27594,0.17346938775510204
18109,0.17346938775510204
2030,0.17346938775510204
10741,0.17346938775510204
3538,0.17346938775510204
12326,0.17346938775510204
16008,0.5941828254847645
20864,0.17346938775510204
1128,0.17346938775510204
20395,0.17346938775510204
11518,0.17346938775510204
10358,0.17346938775510204
24183,0.17346938775510204
17859,0.17346938775510204
25486,0.17346938775510204
27782,0.17346938775510204
13672,0.17346938775510204
26994,0.17346938775510204
30776,0.17346938775510204
32502,0.17346938775510204
25045,0.17346938775510204
22540,0.17346938775510204
17003,0.17346938775510204
25210,0.17346938775510204
33249,0.17346938775510204
31041,0.17346938775510204
12882,0.17346938775510204
31241,0.17346938775510204
25815,0.17346938775510204
20186,0.17346938775510204
12543,0.17346938775510204
16459,0.17346938775510204
14537,0.17346938775510204
19366,0.17346938775510204
8608,0.17346938775510204
6325,0.17346938775510204
13134,0.17346938775510204
22549,0.17346938775510204
29680,0.17346938775510204
23981,0.17346938775510204
31600,0.17346938775510204
32239,0.17346938775510204
26362,0.17346938775510204
15197,0.17346938775510204
6592,0.17346938775510204
4986,0.17346938775510204
14913,0.17346938775510204
20323,0.17346938775510204
24883,0.17346938775510204
28479,0.17346938775510204
15406,0.17346938775510204
10386,0.17346938775510204
4874,0.17346938775510204
21641,0.17346938775510204
19526,0.17346938775510204
19108,0.17346938775510204
29520,0.17346938775510204
3644,0.17346938775510204
5327,0.17346938775510204
18448,0.17346938775510204
5798,0.17346938775510204
14835,0.17346938775510204
12332,0.17346938775510204
13265,0.17346938775510204
23145,0.17346938775510204
3230,0.17346938775510204
24182,0.17346938775510204
20926,0.17346938775510204
31866,0.17346938775510204
28307,0.17346938775510204
4858,0.5941828254847645
33232,0.17346938775510204
28148,0.17346938775510204
18328,0.17346938775510204
1944,0.17346938775510204
28164,0.5941828254847645
16173,0.17346938775510204
24135,0.17346938775510204
7152,0.17346938775510204
20353,0.17346938775510204
12910,0.17346938775510204
12365,0.17346938775510204
24329,0.17346938775510204
17337,0.5941828254847645
7473,0.17346938775510204
32434,0.17346938775510204
4198,0.17346938775510204
5209,0.17346938775510204
19395,0.17346938775510204
3472,0.17346938775510204
15822,0.17346938775510204
32988,0.17346938775510204
1883,0.17346938775510204
8635,0.17346938775510204
11052,0.17346938775510204
32228,0.17346938775510204
3290,0.17346938775510204
15669,0.5941828254847645
6205,0.17346938775510204
28979,0.17346938775510204
25520,0.17346938775510204
24818,0.17346938775510204
16269,0.17346938775510204
22877,0.17346938775510204
6448,0.17346938775510204
15294,0.5941828254847645
7422,0.5941828254847645
11987,0.17346938775510204
29875,0.17346938775510204
15916,0.17346938775510204
16543,0.17346938775510204
7423,0.17346938775510204
23248,0.17346938775510204
32169,0.17346938775510204
1961,0.17346938775510204
11116,0.17346938775510204
23470,0.17346938775510204
16590,0.17346938775510204
4580,0.17346938775510204
19079,0.17346938775510204
9820,0.17346938775510204
27263,0.17346938775510204
10897,0.17346938775510204
15985,0.17346938775510204
5317,0.17346938775510204
19633,0.17346938775510204
11092,0.17346938775510204
111,0.17346938775510204
18452,0.17346938775510204
19689,0.17346938775510204
29232,0.17346938775510204
27114,0.17346938775510204
10694,0.17346938775510204
16348,0.17346938775510204
11281,0.17346938775510204
4892,0.17346938775510204
27301,0.17346938775510204
17942,0.17346938775510204
15528,0.17346938775510204
21624,0.17346938775510204
12959,0.17346938775510204
22078,0.17346938775510204
19700,0.17346938775510204
15764,0.17346938775510204
10511,0.17346938775510204
18365,0.17346938775510204
1655,0.17346938775510204
20638,0.17346938775510204
27616,0.17346938775510204
13769,0.17346938775510204
24832,0.17346938775510204
23718,0.17346938775510204
17077,0.17346938775510204
9736,0.17346938775510204
12118,0.17346938775510204
22869,0.17346938775510204
24967,0.17346938775510204
3495,0.17346938775510204
28412,0.17346938775510204
15463,0.17346938775510204
30890,0.17346938775510204
22079,0.17346938775510204
32390,0.17346938775510204
24552,0.17346938775510204
3360,0.17346938775510204
6060,0.17346938775510204
21954,0.17346938775510204
29839,0.17346938775510204
26762,0.17346938775510204
14939,0.17346938775510204
19436,0.17346938775510204
15017,0.17346938775510204
18094,0.17346938775510204
9693,0.17346938775510204
20336,0.17346938775510204
28805,0.17346938775510204
27005,0.17346938775510204
16211,0.17346938775510204
31138,0.17346938775510204
8236,0.17346938775510204
20859,0.17346938775510204
31897,0.17346938775510204
9331,0.17346938775510204
10003,0.17346938775510204
15257,0.17346938775510204
20252,0.17346938775510204
26187,0.17346938775510204
15509,0.17346938775510204
30553,0.17346938775510204
22976,0.17346938775510204
28168,0.17346938775510204
27331,0.17346938775510204
28435,0.17346938775510204
11127,0.17346938775510204
24473,0.17346938775510204
6604,0.17346938775510204
1430,0.17346938775510204
31422,0.17346938775510204
17754,0.17346938775510204
18600,0.17346938775510204
14812,0.17346938775510204
8486,0.17346938775510204
17468,0.17346938775510204
28502,0.17346938775510204
27929,0.17346938775510204
27055,0.17346938775510204
7839,0.17346938775510204
2407,0.17346938775510204
29633,0.17346938775510204
23134,0.17346938775510204
14043,0.17346938775510204
7252,0.17346938775510204
26933,0.17346938775510204
15016,0.17346938775510204
5248,0.17346938775510204
8027,0.17346938775510204
8611,0.17346938775510204
2848,0.17346938775510204
23357,0.17346938775510204
13661,0.17346938775510204
11815,0.17346938775510204
29036,0.17346938775510204
13394,0.17346938775510204
18939,0.17346938775510204
13378,0.17346938775510204
1056,0.17346938775510204
28209,0.17346938775510204
23590,0.17346938775510204
15753,0.5941828254847645
10314,0.17346938775510204
6608,0.17346938775510204
16237,0.17346938775510204
21320,0.17346938775510204
15721,0.17346938775510204
1427,0.17346938775510204
31077,0.17346938775510204
14484,0.17346938775510204
21872,0.17346938775510204
22818,0.17346938775510204
10727,0.17346938775510204
18998,0.17346938775510204
25613,0.17346938775510204
14544,0.17346938775510204
27129,0.17346938775510204
23384,0.17346938775510204
26294,0.17346938775510204
5732,0.17346938775510204
5177,0.17346938775510204
11749,0.17346938775510204
25793,0.17346938775510204
14142,0.17346938775510204
4576,0.17346938775510204
5154,0.17346938775510204
26293,0.17346938775510204
15239,0.17346938775510204
23545,0.17346938775510204
7054,0.17346938775510204
28407,0.17346938775510204
25182,0.17346938775510204
7049,0.17346938775510204
22134,0.17346938775510204
17289,0.17346938775510204
1077,0.17346938775510204
20868,0.17346938775510204
23625,0.17346938775510204
27038,0.17346938775510204
19905,0.17346938775510204
1867,0.17346938775510204
6211,0.17346938775510204
13886,0.17346938775510204
33169,0.17346938775510204
2096,0.17346938775510204
18386,0.17346938775510204
6266,0.17346938775510204
9730,0.17346938775510204
22307,0.17346938775510204
26131,0.17346938775510204
25563,0.17346938775510204
30854,0.5941828254847645
28884,0.17346938775510204
16182,0.17346938775510204
2828,0.17346938775510204
10061,0.17346938775510204
18172,0.17346938775510204
10453,0.5941828254847645
13488,0.17346938775510204
1569,0.17346938775510204
22084,0.17346938775510204
30991,0.17346938775510204
26217,0.17346938775510204
24288,0.17346938775510204
5306,0.17346938775510204
8354,0.17346938775510204
21029,0.17346938775510204
27299,0.17346938775510204
23583,0.17346938775510204
2260,0.17346938775510204
4947,0.17346938775510204
10402,0.17346938775510204
10441,0.17346938775510204
26737,0.17346938775510204
9949,0.17346938775510204
18923,0.17346938775510204
23512,0.17346938775510204
26201,0.17346938775510204
25597,0.17346938775510204
13459,0.17346938775510204
5200,0.17346938775510204
21020,0.17346938775510204
13469,0.17346938775510204
13978,0.17346938775510204
3503,0.17346938775510204
9935,0.17346938775510204
20403,0.17346938775510204
24689,0.17346938775510204
3265,0.17346938775510204
18826,0.17346938775510204
15866,0.17346938775510204
25630,0.17346938775510204
32031,0.17346938775510204
7110,0.17346938775510204
12034,0.17346938775510204
19584,0.17346938775510204
22973,0.17346938775510204
20613,0.17346938775510204
18318,0.17346938775510204
25174,0.17346938775510204
5726,0.17346938775510204
189,0.17346938775510204
8984,0.17346938775510204
1559,0.17346938775510204
15889,0.17346938775510204
32109,0.17346938775510204
27238,0.17346938775510204
9823,0.17346938775510204
14427,0.17346938775510204
15004,0.17346938775510204
17858,0.17346938775510204
23237,0.17346938775510204
12815,0.17346938775510204
30250,0.17346938775510204
13129,0.17346938775510204
6723,0.17346938775510204
30422,0.17346938775510204
21153,0.17346938775510204
21933,0.17346938775510204
32610,0.17346938775510204
13035,0.17346938775510204
25921,0.17346938775510204
10187,0.17346938775510204
4706,0.17346938775510204
24863,0.17346938775510204
31334,0.17346938775510204
12315,0.17346938775510204
16163,0.17346938775510204
6094,0.17346938775510204
14311,0.17346938775510204
18474,0.17346938775510204
11202,0.17346938775510204
2486,0.17346938775510204
27733,0.17346938775510204
3632,0.17346938775510204
32035,0.17346938775510204
11073,0.17346938775510204
23289,0.17346938775510204
12402,0.17346938775510204
22559,0.17346938775510204
6192,0.17346938775510204
19472,0.17346938775510204
30813,0.17346938775510204
8114,0.17346938775510204
32655,0.17346938775510204
24195,0.17346938775510204
24091,0.17346938775510204
19515,0.17346938775510204
17777,0.17346938775510204
32024,0.17346938775510204
28315,0.17346938775510204
700,0.17346938775510204
24278,0.5941828254847645
6293,0.17346938775510204
32651,0.17346938775510204
2855,0.17346938775510204
10310,0.17346938775510204
31529,0.17346938775510204
33130,0.17346938775510204
21104,0.17346938775510204
20941,0.17346938775510204
12791,0.17346938775510204
25068,0.17346938775510204
32003,0.17346938775510204
13720,0.17346938775510204
15957,0.17346938775510204
31746,0.17346938775510204
1783,0.17346938775510204
15199,0.17346938775510204
9856,0.17346938775510204
6131,0.17346938775510204
22389,0.17346938775510204
6758,0.17346938775510204
28459,0.17346938775510204
16146,0.17346938775510204
7354,0.17346938775510204
3779,0.17346938775510204
6790,0.17346938775510204
27681,0.17346938775510204
16350,0.17346938775510204
23922,0.17346938775510204
31068,0.17346938775510204
22444,0.17346938775510204
32391,0.5941828254847645
21478,0.17346938775510204
9411,0.17346938775510204
19665,0.17346938775510204
9439,0.17346938775510204
2697,0.17346938775510204
9181,0.17346938775510204
31454,0.17346938775510204
7317,0.17346938775510204
19364,0.17346938775510204
31595,0.17346938775510204
24399,0.17346938775510204
28992,0.17346938775510204
27790,0.17346938775510204
30545,0.17346938775510204
3601,0.17346938775510204
975,0.17346938775510204
31263,0.17346938775510204
19470,0.17346938775510204
14682,0.17346938775510204
27730,0.17346938775510204
21256,0.17346938775510204
26677,0.17346938775510204
13646,0.17346938775510204
25391,0.17346938775510204
9187,0.17346938775510204
9538,0.17346938775510204
15491,0.17346938775510204
31309,0.17346938775510204
6194,0.17346938775510204
28651,0.17346938775510204
27178,0.17346938775510204
31315,0.17346938775510204
16806,0.17346938775510204
17112,0.17346938775510204
22455,0.17346938775510204
11354,0.17346938775510204
30623,0.17346938775510204
29899,0.17346938775510204
13483,0.17346938775510204
16857,0.17346938775510204
22220,0.17346938775510204
30396,0.17346938775510204
23975,0.17346938775510204
16599,0.17346938775510204
11323,0.17346938775510204
2160,0.17346938775510204
11238,0.17346938775510204
23822,0.17346938775510204
29481,0.17346938775510204
17776,0.17346938775510204
8393,0.17346938775510204
21476,0.17346938775510204
12354,0.17346938775510204
9169,0.17346938775510204
32168,0.17346938775510204
10596,0.17346938775510204
18520,0.17346938775510204
20486,0.17346938775510204
9485,0.17346938775510204
9414,0.17346938775510204
23099,0.17346938775510204
31090,0.5941828254847645
1029,0.17346938775510204
17220,0.17346938775510204
12186,0.17346938775510204
14570,0.17346938775510204
10664,0.17346938775510204
1972,0.17346938775510204
1881,0.17346938775510204
983,0.17346938775510204
31913,0.17346938775510204
25722,0.17346938775510204
33104,0.17346938775510204
18371,0.17346938775510204
17103,0.5941828254847645
30309,0.17346938775510204
31980,0.17346938775510204
24801,0.17346938775510204
4565,0.17346938775510204
26854,0.17346938775510204
7832,0.17346938775510204
16939,0.17346938775510204
23909,0.17346938775510204
14738,0.17346938775510204
9958,0.17346938775510204
29324,0.17346938775510204
29760,0.17346938775510204
21847,0.17346938775510204
4845,0.17346938775510204
28203,0.17346938775510204
31599,0.17346938775510204
13169,0.17346938775510204
17639,0.17346938775510204
18974,0.17346938775510204
30589,0.17346938775510204
24865,0.17346938775510204
13992,0.17346938775510204
5245,0.17346938775510204
21274,0.17346938775510204
4326,0.17346938775510204
12743,0.17346938775510204
1722,0.17346938775510204
5647,0.17346938775510204
564,0.17346938775510204
2786,0.17346938775510204
6849,0.17346938775510204
30680,0.17346938775510204
15602,0.17346938775510204
2999,0.17346938775510204
23714,0.17346938775510204
2032,0.5941828254847645
20850,0.17346938775510204
18257,0.17346938775510204
15217,0.17346938775510204
20379,0.17346938775510204
17371,0.17346938775510204
19914,0.17346938775510204
25167,0.17346938775510204
24411,0.17346938775510204
25789,0.17346938775510204
28052,0.17346938775510204
1919,0.17346938775510204
27177,0.17346938775510204
6961,0.17346938775510204
25600,0.17346938775510204
19235,0.17346938775510204
1251,0.17346938775510204
18821,0.17346938775510204
31479,0.17346938775510204
21098,0.17346938775510204
20182,0.17346938775510204
27194,0.17346938775510204
19085,0.17346938775510204
20787,0.17346938775510204
25103,0.17346938775510204
14885,0.17346938775510204
19563,0.17346938775510204
20077,0.17346938775510204
27619,0.17346938775510204
1894,0.17346938775510204
13611,0.17346938775510204
4009,0.17346938775510204
9503,0.17346938775510204
19126,0.17346938775510204
17060,0.17346938775510204
22483,0.17346938775510204
26442,0.17346938775510204
26214,0.17346938775510204
1339,0.17346938775510204
3477,0.17346938775510204
5363,0.17346938775510204
28974,0.17346938775510204
27462,0.17346938775510204
15612,0.5941828254847645
14486,0.17346938775510204
5656,0.17346938775510204
14163,0.17346938775510204
23837,0.17346938775510204
7366,0.17346938775510204
933,0.17346938775510204
30560,0.5941828254847645
6498,0.17346938775510204
8469,0.17346938775510204
19503,0.5941828254847645
4168,0.17346938775510204
15034,0.17346938775510204
30798,0.17346938775510204
16189,0.17346938775510204
13915,0.17346938775510204
6164,0.17346938775510204
21221,0.17346938775510204
20952,0.17346938775510204
6327,0.17346938775510204
32372,0.17346938775510204
4476,0.5941828254847645
2969,0.17346938775510204
18294,0.17346938775510204
347,0.17346938775510204
31427,0.17346938775510204
9006,0.17346938775510204
28512,0.17346938775510204
3642,0.5941828254847645
14604,0.17346938775510204
13160,0.17346938775510204
8745,0.17346938775510204
14242,0.17346938775510204
32509,0.17346938775510204
22920,0.17346938775510204
30997,0.17346938775510204
3170,0.17346938775510204
289,0.17346938775510204
27221,0.17346938775510204
28837,0.17346938775510204
18625,0.17346938775510204
11477,0.5941828254847645
32820,0.5941828254847645
11223,0.17346938775510204
12247,0.17346938775510204
16267,0.17346938775510204
8251,0.17346938775510204
19590,0.17346938775510204
27947,0.17346938775510204
12393,0.17346938775510204
12179,0.17346938775510204
16634,0.17346938775510204
23892,0.17346938775510204
27243,0.5941828254847645
24828,0.17346938775510204
23321,0.17346938775510204
15687,0.17346938775510204
6774,0.17346938775510204
29080,0.17346938775510204
18199,0.17346938775510204
24153,0.17346938775510204
9767,0.17346938775510204
26413,0.17346938775510204
2587,0.17346938775510204
8150,0.17346938775510204
27750,0.17346938775510204
12031,0.17346938775510204
22473,0.17346938775510204
15220,0.17346938775510204
13105,0.17346938775510204
10839,0.17346938775510204
17465,0.17346938775510204
25195,0.17346938775510204
18212,0.17346938775510204
15418,0.17346938775510204
26818,0.17346938775510204
2027,0.17346938775510204
5164,0.17346938775510204
14212,0.17346938775510204
13195,0.17346938775510204
11038,0.5941828254847645
32494,0.17346938775510204
8535,0.5941828254847645
1156,0.17346938775510204
21542,0.17346938775510204
16792,0.17346938775510204
25433,0.17346938775510204
12778,0.17346938775510204
11242,0.17346938775510204
13429,0.17346938775510204
7972,0.17346938775510204
993,0.17346938775510204
31645,0.17346938775510204
18195,0.17346938775510204
26262,0.17346938775510204
4513,0.17346938775510204
23445,0.17346938775510204
25987,0.17346938775510204
1856,0.17346938775510204
3992,0.17346938775510204
26472,0.17346938775510204
23278,0.17346938775510204
30159,0.17346938775510204
24421,0.17346938775510204
21884,0.17346938775510204
17246,0.17346938775510204
29821,0.17346938775510204
11268,0.17346938775510204
32639,0.17346938775510204
22924,0.17346938775510204
5357,0.17346938775510204
21456,0.17346938775510204
8978,0.17346938775510204
2787,0.17346938775510204
28214,0.17346938775510204
21236,0.17346938775510204
33092,0.17346938775510204
23937,0.17346938775510204
11997,0.17346938775510204
10136,0.17346938775510204
3348,0.17346938775510204
14744,0.17346938775510204
16383,0.17346938775510204
12808,0.17346938775510204
21198,0.17346938775510204
3664,0.17346938775510204
33122,0.17346938775510204
29224,0.17346938775510204
9615,0.17346938775510204
9884,0.17346938775510204
25736,0.17346938775510204
23097,0.17346938775510204
1102,0.17346938775510204
19056,0.17346938775510204
29117,0.5941828254847645
24075,0.17346938775510204
9765,0.17346938775510204
15099,0.17346938775510204
32140,0.17346938775510204
2009,0.17346938775510204
29512,0.17346938775510204
13304,0.17346938775510204
24422,0.17346938775510204
8572,0.17346938775510204
30797,0.17346938775510204
17831,0.17346938775510204
21007,0.17346938775510204
2141,0.17346938775510204
30870,0.17346938775510204
13336,0.17346938775510204
16906,0.17346938775510204
19805,0.17346938775510204
1761,0.17346938775510204
9409,0.17346938775510204
30920,0.17346938775510204
14381,0.17346938775510204
8022,0.17346938775510204
9326,0.17346938775510204
14754,0.17346938775510204
1786,0.17346938775510204
30338,0.17346938775510204
31616,0.17346938775510204
19312,0.17346938775510204
1438,0.17346938775510204
31370,0.17346938775510204
3116,0.17346938775510204
6172,0.5941828254847645
307,0.17346938775510204
19446,0.17346938775510204
12578,0.17346938775510204
12995,0.17346938775510204
5207,0.17346938775510204
19143,0.17346938775510204
24379,0.17346938775510204
25335,0.17346938775510204
7073,0.5941828254847645
15036,0.17346938775510204
4642,0.17346938775510204
14578,0.17346938775510204
7660,0.17346938775510204
22318,0.17346938775510204
15584,0.17346938775510204
29679,0.17346938775510204
32026,0.17346938775510204
5496,0.17346938775510204
6245,0.17346938775510204
19741,0.17346938775510204
15765,0.17346938775510204
22878,0.17346938775510204
23155,0.17346938775510204
10382,0.17346938775510204
8221,0.17346938775510204
16754,0.17346938775510204
29085,0.17346938775510204
30022,0.17346938775510204
26568,0.17346938775510204
859,0.17346938775510204
25975,0.17346938775510204
23584,0.17346938775510204
2876,0.17346938775510204
18613,0.17346938775510204
11233,0.17346938775510204
31664,0.17346938775510204
21175,0.17346938775510204
4438,0.17346938775510204
9594,0.17346938775510204
8148,0.17346938775510204
20654,0.17346938775510204
5297,0.17346938775510204
6003,0.17346938775510204
16864,0.5941828254847645
7889,0.17346938775510204
32161,0.17346938775510204
29871,0.17346938775510204
16493,0.17346938775510204
28965,0.17346938775510204
16588,0.17346938775510204
14739,0.17346938775510204
2899,0.17346938775510204
10068,0.17346938775510204
32287,0.17346938775510204
6248,0.17346938775510204
11875,0.17346938775510204
14407,0.17346938775510204
9053,0.17346938775510204
2391,0.17346938775510204
32217,0.17346938775510204
23061,0.17346938775510204
12384,0.17346938775510204
32683,0.17346938775510204
21293,0.17346938775510204
25419,0.17346938775510204
141,0.17346938775510204
25501,0.17346938775510204
28193,0.17346938775510204
679,0.17346938775510204
6196,0.17346938775510204
173,0.17346938775510204
21804,0.17346938775510204
12421,0.17346938775510204
9813,0.17346938775510204
27079,0.17346938775510204
8947,0.17346938775510204
30207,0.5941828254847645
1801,0.17346938775510204
3365,0.17346938775510204
17419,0.17346938775510204
30256,0.17346938775510204
24811,0.17346938775510204
2109,0.17346938775510204
21401,0.17346938775510204
4437,0.17346938775510204
31753,0.17346938775510204
17381,0.17346938775510204
14117,0.17346938775510204
24494,0.17346938775510204
5731,0.17346938775510204
17354,0.17346938775510204
14094,0.17346938775510204
25863,0.5941828254847645
4612,0.17346938775510204
6399,0.17346938775510204
31737,0.17346938775510204
11716,0.17346938775510204
24137,0.17346938775510204
9860,0.17346938775510204
31500,0.17346938775510204
15641,0.17346938775510204
3983,0.17346938775510204
23251,0.17346938775510204
31933,0.17346938775510204
8612,0.17346938775510204
27982,0.17346938775510204
23755,0.17346938775510204
16396,0.17346938775510204
18724,0.17346938775510204
13454,0.17346938775510204
26182,0.5941828254847645
29054,0.17346938775510204
8894,0.17346938775510204
3705,0.17346938775510204
9277,0.17346938775510204
8438,0.17346938775510204
23468,0.17346938775510204
17936,0.17346938775510204
2157,0.17346938775510204
22567,0.17346938775510204
29489,0.17346938775510204
26531,0.17346938775510204
28714,0.17346938775510204
32080,0.5941828254847645
12048,0.17346938775510204
4824,0.17346938775510204
25154,0.5941828254847645
12306,0.17346938775510204
14865,0.17346938775510204
4510,0.17346938775510204
20726,0.17346938775510204
31675,0.17346938775510204
7855,0.17346938775510204
21912,0.17346938775510204
7997,0.5941828254847645
8677,0.17346938775510204
4653,0.17346938775510204
32851,0.17346938775510204
11825,0.17346938775510204
32297,0.17346938775510204
33362,0.17346938775510204
9192,0.17346938775510204
27119,0.17346938775510204
5094,0.17346938775510204
20264,0.17346938775510204
7587,0.17346938775510204
26569,0.17346938775510204
32051,0.17346938775510204
4329,0.17346938775510204
23782,0.17346938775510204
21831,0.17346938775510204
20315,0.17346938775510204
3362,0.17346938775510204
8414,0.17346938775510204
18345,0.17346938775510204
12006,0.17346938775510204
18027,0.5941828254847645
23661,0.17346938775510204
20316,0.17346938775510204
4124,0.17346938775510204
16354,0.17346938775510204
29060,0.17346938775510204
32706,0.17346938775510204
24487,0.17346938775510204
11368,0.17346938775510204
20518,0.17346938775510204
30858,0.17346938775510204
10901,0.17346938775510204
23327,0.17346938775510204
8479,0.17346938775510204
17969,0.5941828254847645
2186,0.17346938775510204
17196,0.17346938775510204
15631,0.17346938775510204
8981,0.17346938775510204
15048,0.17346938775510204
30142,0.17346938775510204
19409,0.17346938775510204
18840,0.17346938775510204
1292,0.17346938775510204
21405,0.17346938775510204
10467,0.17346938775510204
26773,0.17346938775510204
30106,0.17346938775510204
28229,0.17346938775510204
18725,0.17346938775510204
27459,0.17346938775510204
12028,0.17346938775510204
21305,0.17346938775510204
20417,0.17346938775510204
1047,0.17346938775510204
3878,0.17346938775510204
18176,0.17346938775510204
10660,0.17346938775510204
962,0.5941828254847645
24627,0.17346938775510204
843,0.17346938775510204
2806,0.17346938775510204
19733,0.17346938775510204
10036,0.17346938775510204
8238,0.5941828254847645
18086,0.17346938775510204
9678,0.5941828254847645
5691,0.17346938775510204
13247,0.17346938775510204
5360,0.17346938775510204
12634,0.5941828254847645
28723,0.17346938775510204
30042,0.17346938775510204
32302,0.17346938775510204
25285,0.17346938775510204
19231,0.17346938775510204
14549,0.17346938775510204
4877,0.17346938775510204
6879,0.17346938775510204
32803,0.17346938775510204
33076,0.5941828254847645
6143,0.17346938775510204
11445,0.17346938775510204
16478,0.17346938775510204
7867,0.17346938775510204
26348,0.17346938775510204
24718,0.17346938775510204
6807,0.17346938775510204
23546,0.17346938775510204
13759,0.17346938775510204
11969,0.17346938775510204
8770,0.17346938775510204
8631,0.17346938775510204
7301,0.17346938775510204
10001,0.17346938775510204
16368,0.17346938775510204
14306,0.17346938775510204
15642,0.17346938775510204
20711,0.17346938775510204
13916,0.17346938775510204
17588,0.17346938775510204
24206,0.17346938775510204
12993,0.17346938775510204
29094,0.17346938775510204
11302,0.17346938775510204
31636,0.17346938775510204
20022,0.17346938775510204
30472,0.17346938775510204
19101,0.17346938775510204
13138,0.17346938775510204
33015,0.17346938775510204
23480,0.17346938775510204
27767,0.17346938775510204
28520,0.17346938775510204
9440,0.17346938775510204
8630,0.17346938775510204
31002,0.17346938775510204
14185,0.17346938775510204
20732,0.17346938775510204
10960,0.17346938775510204
2526,0.17346938775510204
19959,0.17346938775510204
17663,0.17346938775510204
17123,0.17346938775510204
2593,0.17346938775510204
1061,0.17346938775510204
32888,0.17346938775510204
26169,0.17346938775510204
18784,0.17346938775510204
7569,0.17346938775510204
3813,0.17346938775510204
12487,0.17346938775510204
30881,0.17346938775510204
7261,0.17346938775510204
13444,0.17346938775510204
28519,0.17346938775510204
9158,0.17346938775510204
26404,0.17346938775510204
16131,0.17346938775510204
225,0.17346938775510204
7767,0.17346938775510204
22543,0.17346938775510204
6072,0.17346938775510204
33017,0.17346938775510204
24307,0.17346938775510204
29280,0.17346938775510204
2235,0.17346938775510204
12652,0.17346938775510204
15069,0.17346938775510204
21347,0.17346938775510204
19091,0.17346938775510204
14875,0.17346938775510204
20708,0.17346938775510204
18390,0.17346938775510204
6502,0.17346938775510204
20493,0.17346938775510204
32809,0.17346938775510204
9221,0.17346938775510204
26464,0.17346938775510204
20603,0.17346938775510204
9539,0.17346938775510204
14706,0.17346938775510204
19534,0.17346938775510204
23158,0.17346938775510204
25781,0.17346938775510204
15779,0.17346938775510204
11961,0.17346938775510204
24542,0.17346938775510204
15848,0.17346938775510204
11098,0.17346938775510204
29472,0.17346938775510204
25470,0.17346938775510204
25388,0.17346938775510204
31034,0.17346938775510204
15610,0.17346938775510204
2719,0.17346938775510204
14475,0.17346938775510204
20766,0.5941828254847645
5827,0.17346938775510204
24435,0.17346938775510204
13149,0.17346938775510204
3936,0.5941828254847645
2114,0.17346938775510204
11612,0.17346938775510204
16640,0.17346938775510204
3102,0.17346938775510204
16069,0.17346938775510204
32496,0.17346938775510204
2639,0.17346938775510204
29037,0.17346938775510204
31703,0.17346938775510204
31151,0.17346938775510204
9529,0.17346938775510204
3393,0.17346938775510204
33041,0.17346938775510204
7502,0.17346938775510204
30077,0.17346938775510204
31983,0.17346938775510204
4557,0.17346938775510204
23182,0.17346938775510204
7989,0.17346938775510204
25489,0.17346938775510204
28153,0.17346938775510204
7331,0.17346938775510204
25760,0.17346938775510204
32863,0.17346938775510204
12230,0.17346938775510204
19432,0.17346938775510204
15175,0.17346938775510204
25382,0.17346938775510204
12271,0.17346938775510204
29957,0.17346938775510204
2081,0.17346938775510204
20568,0.17346938775510204
10063,0.17346938775510204
18113,0.17346938775510204
3837,0.17346938775510204
31008,0.17346938775510204
7665,0.17346938775510204
25460,0.17346938775510204
28467,0.17346938775510204
23812,0.17346938775510204
1217,0.17346938775510204
6533,0.17346938775510204
21192,0.17346938775510204
15964,0.17346938775510204
32310,0.17346938775510204
30068,0.17346938775510204
21676,0.17346938775510204
22054,0.17346938775510204
16513,0.17346938775510204
9675,0.17346938775510204
24541,0.5941828254847645
8176,0.17346938775510204
6819,0.17346938775510204
22162,0.17346938775510204
12597,0.17346938775510204
7966,0.17346938775510204
19464,0.17346938775510204
17976,0.17346938775510204
11399,0.17346938775510204
29728,0.17346938775510204
6840,0.17346938775510204
20739,0.17346938775510204
7723,0.17346938775510204
3550,0.17346938775510204
13880,0.17346938775510204
20744,0.17346938775510204
10821,0.17346938775510204
26167,0.17346938775510204
16324,0.5941828254847645
20998,0.17346938775510204
32069,0.17346938775510204
5253,0.17346938775510204
26125,0.17346938775510204
19658,0.17346938775510204
16494,0.17346938775510204
28944,0.17346938775510204
22236,0.17346938775510204
3989,0.17346938775510204
21412,0.17346938775510204
26761,0.17346938775510204
26955,0.17346938775510204
11508,0.17346938775510204
1592,0.17346938775510204
12125,0.17346938775510204
12864,0.17346938775510204
19488,0.17346938775510204
24374,0.17346938775510204
5231,0.17346938775510204
21369,0.17346938775510204
6995,0.17346938775510204
5420,0.17346938775510204
18229,0.17346938775510204
26898,0.17346938775510204
4447,0.17346938775510204
32814,0.17346938775510204
29448,0.17346938775510204
6111,0.17346938775510204
21222,0.17346938775510204
13493,0.17346938775510204
15249,0.17346938775510204
14437,0.17346938775510204
17331,0.17346938775510204
1264,0.17346938775510204
31143,0.17346938775510204
13537,0.17346938775510204
17645,0.17346938775510204
25916,0.17346938775510204
11780,0.17346938775510204
17536,0.17346938775510204
17402,0.17346938775510204
26759,0.17346938775510204
23914,0.17346938775510204
8763,0.17346938775510204
12713,0.17346938775510204
19050,0.17346938775510204
15679,0.17346938775510204
12433,0.17346938775510204
17500,0.17346938775510204
1782,0.17346938775510204
33152,0.17346938775510204
12591,0.17346938775510204
14666,0.17346938775510204
17805,0.17346938775510204
1261,0.17346938775510204
17278,0.17346938775510204
17691,0.17346938775510204
10450,0.17346938775510204
24151,0.5941828254847645
23146,0.17346938775510204
19495,0.17346938775510204
18605,0.17346938775510204
30561,0.17346938775510204
26170,0.17346938775510204
7682,0.17346938775510204
845,0.17346938775510204
2279,0.17346938775510204
74,0.17346938775510204
7113,0.17346938775510204
7637,0.17346938775510204
28633,0.17346938775510204
29249,0.17346938775510204
32678,0.5941828254847645
2700,0.5941828254847645
17738,0.17346938775510204
13545,0.17346938775510204
22960,0.17346938775510204
154,0.17346938775510204
7671,0.17346938775510204
7337,0.17346938775510204
10635,0.17346938775510204
18447,0.17346938775510204
31480,0.17346938775510204
29051,0.17346938775510204
8673,0.17346938775510204
31949,0.17346938775510204
24546,0.17346938775510204
2842,0.17346938775510204
9249,0.17346938775510204
440,0.17346938775510204
5577,0.17346938775510204
16451,0.17346938775510204
17341,0.17346938775510204
17159,0.17346938775510204
22386,0.17346938775510204
18410,0.17346938775510204
26134,0.17346938775510204
24714,0.17346938775510204
14314,0.17346938775510204
25386,0.17346938775510204
22249,0.17346938775510204
397,0.17346938775510204
15520,0.17346938775510204
29980,0.5941828254847645
5761,0.17346938775510204
14270,0.17346938775510204
24798,0.17346938775510204
29227,0.17346938775510204
4468,0.17346938775510204
14102,0.17346938775510204
32998,0.17346938775510204
29244,0.17346938775510204
24796,0.17346938775510204
444,0.17346938775510204
17156,0.17346938775510204
12188,0.17346938775510204
27104,0.17346938775510204
13479,0.17346938775510204
2389,0.17346938775510204
30494,0.17346938775510204
27488,0.17346938775510204
32517,0.17346938775510204
28546,0.17346938775510204
26274,0.17346938775510204
28045,0.5941828254847645
7629,0.17346938775510204
27485,0.17346938775510204
24348,0.17346938775510204
32054,0.17346938775510204
25593,0.17346938775510204
20911,0.5941828254847645
7692,0.5941828254847645
18173,0.17346938775510204
18980,0.17346938775510204
8680,0.17346938775510204
23871,0.17346938775510204
16793,0.17346938775510204
25521,0.17346938775510204
11879,0.17346938775510204
7336,0.17346938775510204
20729,0.17346938775510204
3310,0.17346938775510204
12849,0.17346938775510204
4831,0.17346938775510204
21791,0.17346938775510204
28843,0.17346938775510204
21288,0.5941828254847645
14040,0.17346938775510204
16335,0.17346938775510204
28685,0.17346938775510204
20225,0.17346938775510204
27316,0.17346938775510204
4207,0.17346938775510204
2868,0.17346938775510204
9532,0.17346938775510204
13025,0.17346938775510204
28615,0.17346938775510204
28296,0.17346938775510204
6236,0.17346938775510204
7681,0.17346938775510204
20294,0.17346938775510204
8119,0.17346938775510204
10224,0.17346938775510204
27377,0.17346938775510204
28266,0.17346938775510204
11462,0.17346938775510204
25911,0.17346938775510204
7515,0.17346938775510204
31725,0.17346938775510204
10784,0.17346938775510204
4784,0.17346938775510204
24011,0.17346938775510204
14084,0.17346938775510204
14391,0.17346938775510204
13625,0.17346938775510204
24009,0.17346938775510204
18376,0.17346938775510204
19373,0.17346938775510204
8131,0.17346938775510204
19691,0.17346938775510204
24229,0.17346938775510204
21446,0.17346938775510204
14999,0.17346938775510204
26079,0.17346938775510204
26976,0.17346938775510204
28791,0.17346938775510204
11010,0.17346938775510204
23264,0.17346938775510204
27277,0.17346938775510204
10851,0.17346938775510204
15238,0.17346938775510204
26607,0.17346938775510204
18577,0.17346938775510204
23905,0.17346938775510204
28382,0.17346938775510204
23391,0.17346938775510204
31964,0.17346938775510204
27825,0.17346938775510204
31366,0.17346938775510204
9315,0.17346938775510204
20060,0.17346938775510204
24127,0.17346938775510204
19854,0.17346938775510204
10538,0.17346938775510204
26160,0.17346938775510204
14759,0.17346938775510204
15119,0.17346938775510204
30558,0.17346938775510204
22667,0.17346938775510204
18501,0.17346938775510204
24946,0.17346938775510204
23967,0.17346938775510204
32884,0.17346938775510204
12281,0.17346938775510204
11709,0.17346938775510204
16682,0.17346938775510204
12231,0.17346938775510204
31642,0.5941828254847645
24291,0.17346938775510204
23615,0.17346938775510204
32032,0.17346938775510204
2619,0.17346938775510204
18852,0.17346938775510204
30562,0.17346938775510204
15736,0.17346938775510204
31346,0.17346938775510204
30335,0.17346938775510204
30303,0.17346938775510204
14761,0.17346938775510204
11556,0.17346938775510204
10154,0.17346938775510204
7971,0.17346938775510204
18646,0.17346938775510204
23516,0.17346938775510204
554,0.17346938775510204
28804,0.17346938775510204
16800,0.17346938775510204
15209,0.17346938775510204
16609,0.17346938775510204
12918,0.17346938775510204
840,0.17346938775510204
15193,0.17346938775510204
8507,0.17346938775510204
1446,0.17346938775510204
5704,0.5941828254847645
12622,0.17346938775510204
25441,0.17346938775510204
13799,0.17346938775510204
11954,0.17346938775510204
25875,0.5941828254847645
18045,0.17346938775510204
15319,0.17346938775510204
12376,0.17346938775510204
5398,0.17346938775510204
29363,0.17346938775510204
33213,0.17346938775510204
19582,0.17346938775510204
16901,0.17346938775510204
2988,0.17346938775510204
18984,0.17346938775510204
2145,0.17346938775510204
9851,0.17346938775510204
26551,0.17346938775510204
6719,0.17346938775510204
3913,0.17346938775510204
26721,0.17346938775510204
26988,0.17346938775510204
8592,0.17346938775510204
10798,0.17346938775510204
28413,0.17346938775510204
8449,0.17346938775510204
4283,0.17346938775510204
1562,0.17346938775510204
7684,0.17346938775510204
29197,0.17346938775510204
29714,0.17346938775510204
7427,0.17346938775510204
5824,0.17346938775510204
5749,0.17346938775510204
22355,0.17346938775510204
29466,0.17346938775510204
25363,0.17346938775510204
12556,0.17346938775510204
5583,0.17346938775510204
8379,0.17346938775510204
30052,0.17346938775510204
7217,0.17346938775510204
9099,0.17346938775510204
23369,0.17346938775510204
6802,0.17346938775510204
26185,0.17346938775510204
5688,0.17346938775510204
22800,0.17346938775510204
5198,0.17346938775510204
12111,0.17346938775510204
21137,0.17346938775510204
31461,0.5941828254847645
18744,0.17346938775510204
22908,0.17346938775510204
23497,0.17346938775510204
8605,0.17346938775510204
30995,0.5941828254847645
28034,0.17346938775510204
18861,0.17346938775510204
30211,0.5941828254847645
5340,0.17346938775510204
17235,0.17346938775510204
22157,0.17346938775510204
13487,0.17346938775510204
25487,0.17346938775510204
27280,0.17346938775510204
21997,0.17346938775510204
26880,0.17346938775510204
25611,0.17346938775510204
28705,0.17346938775510204
23141,0.17346938775510204
13512,0.17346938775510204
23429,0.17346938775510204
22378,0.17346938775510204
23708,0.17346938775510204
8254,0.17346938775510204
15042,0.5941828254847645
22538,0.17346938775510204
27926,0.17346938775510204
7746,0.17346938775510204
5216,0.17346938775510204
1859,0.17346938775510204
22926,0.17346938775510204
13618,0.17346938775510204
29594,0.17346938775510204
4162,0.17346938775510204
32324,0.17346938775510204
31117,0.17346938775510204
27397,0.17346938775510204
32425,0.17346938775510204
21215,0.17346938775510204
14400,0.17346938775510204
13237,0.17346938775510204
17448,0.17346938775510204
32338,0.17346938775510204
24150,0.17346938775510204
20212,0.17346938775510204
5463,0.17346938775510204
29824,0.17346938775510204
16262,0.17346938775510204
6644,0.17346938775510204
7961,0.17346938775510204
31075,0.17346938775510204
2771,0.17346938775510204
31248,0.17346938775510204
12458,0.17346938775510204
24609,0.17346938775510204
8569,0.17346938775510204
32148,0.17346938775510204
29700,0.17346938775510204
31985,0.17346938775510204
6145,0.17346938775510204
31603,0.17346938775510204
27958,0.17346938775510204
24500,0.17346938775510204
9043,0.5941828254847645
14858,0.17346938775510204
7413,0.17346938775510204
13804,0.17346938775510204
67,0.17346938775510204
16676,0.17346938775510204
19456,0.17346938775510204
11732,0.17346938775510204
5470,0.17346938775510204
30989,0.17346938775510204
30121,0.17346938775510204
20290,0.17346938775510204
19913,0.17346938775510204
29774,0.17346938775510204
28966,0.17346938775510204
11595,0.17346938775510204
8627,0.17346938775510204
15001,0.17346938775510204
10257,0.17346938775510204
23101,0.17346938775510204
17967,0.17346938775510204
1619,0.17346938775510204
25850,0.17346938775510204
16512,0.17346938775510204
31920,0.17346938775510204
23208,0.17346938775510204
20220,0.17346938775510204
17511,0.17346938775510204
21882,0.17346938775510204
8075,0.17346938775510204
4327,0.17346938775510204
31207,0.17346938775510204
11454,0.17346938775510204
13281,0.17346938775510204
6071,0.17346938775510204
15915,0.17346938775510204
23696,0.17346938775510204
27696,0.17346938775510204
14641,0.17346938775510204
1990,0.17346938775510204
20658,0.17346938775510204
29971,0.17346938775510204
27480,0.17346938775510204
24015,0.5941828254847645
24354,0.17346938775510204
32784,0.17346938775510204
8374,0.17346938775510204
2294,0.17346938775510204
12899,0.17346938775510204
24919,0.17346938775510204
19148,0.17346938775510204
23422,0.17346938775510204
15873,0.17346938775510204
1933,0.17346938775510204
1730,0.17346938775510204
15611,0.17346938775510204
19984,0.17346938775510204
11555,0.17346938775510204
22546,0.17346938775510204
16340,0.17346938775510204
20494,0.17346938775510204
2820,0.17346938775510204
10180,0.17346938775510204
11988,0.17346938775510204
29367,0.17346938775510204
25477,0.17346938775510204
20207,0.17346938775510204
28538,0.17346938775510204
32909,0.17346938775510204
28817,0.17346938775510204
10152,0.17346938775510204
5666,0.17346938775510204
27732,0.17346938775510204
7917,0.17346938775510204
13442,0.17346938775510204
30186,0.17346938775510204
7338,0.17346938775510204
30575,0.17346938775510204
23447,0.17346938775510204
18965,0.17346938775510204
30082,0.17346938775510204
5278,0.17346938775510204
26960,0.17346938775510204
29331,0.17346938775510204
21452,0.17346938775510204
8775,0.17346938775510204
22771,0.17346938775510204
1555,0.17346938775510204
33131,0.17346938775510204
14199,0.17346938775510204
20153,0.17346938775510204
13354,0.17346938775510204
10535,0.17346938775510204
19592,0.17346938775510204
31602,0.17346938775510204
27025,0.17346938775510204
9183,0.17346938775510204
14095,0.17346938775510204
1789,0.17346938775510204
3935,0.17346938775510204
16685,0.5941828254847645
20970,0.17346938775510204
30616,0.17346938775510204
8848,0.17346938775510204
3591,0.17346938775510204
16887,0.17346938775510204
17553,0.17346938775510204
19027,0.17346938775510204
18144,0.17346938775510204
7634,0.17346938775510204
19045,0.17346938775510204
16608,0.17346938775510204
11174,0.17346938775510204
31792,0.17346938775510204
17998,0.17346938775510204
4064,0.17346938775510204
1479,0.17346938775510204
17964,0.17346938775510204
21589,0.17346938775510204
23953,0.17346938775510204
8435,0.17346938775510204
7574,0.17346938775510204
14787,0.5941828254847645
2031,0.17346938775510204
29672,0.17346938775510204
6468,0.17346938775510204
17343,0.17346938775510204
29777,0.17346938775510204
6886,0.17346938775510204
28751,0.17346938775510204
14335,0.5941828254847645
15247,0.17346938775510204
9290,0.17346938775510204
8285,0.17346938775510204
12117,0.5941828254847645
12310,0.17346938775510204
17560,0.17346938775510204
14775,0.17346938775510204
580,0.17346938775510204
10315,0.17346938775510204
16735,0.17346938775510204
25869,0.17346938775510204
23649,0.17346938775510204
27212,0.17346938775510204
7407,0.17346938775510204
6737,0.17346938775510204
11548,0.17346938775510204
11286,0.17346938775510204
19098,0.17346938775510204
10306,0.17346938775510204
29449,0.5941828254847645
12088,0.17346938775510204
11822,0.17346938775510204
2974,0.17346938775510204
24308,0.17346938775510204
12925,0.5941828254847645
1760,0.17346938775510204
1369,0.17346938775510204
14213,0.17346938775510204
781,0.17346938775510204
83,0.5941828254847645
348,0.17346938775510204
28627,0.17346938775510204
3785,0.17346938775510204
25733,0.17346938775510204
5716,0.17346938775510204
27742,0.17346938775510204
33161,0.17346938775510204
2914,0.17346938775510204
14793,0.17346938775510204
10020,0.17346938775510204
28634,0.17346938775510204
11920,0.17346938775510204
31986,0.17346938775510204
29497,0.17346938775510204
17615,0.17346938775510204
30950,0.17346938775510204
32688,0.17346938775510204
25913,0.17346938775510204
12090,0.17346938775510204
14425,0.17346938775510204
16907,0.17346938775510204
20958,0.17346938775510204
1066,0.17346938775510204
4977,0.17346938775510204
27313,0.17346938775510204
767,0.17346938775510204
32523,0.17346938775510204
33176,0.17346938775510204
23394,0.17346938775510204
25742,0.17346938775510204
1756,0.17346938775510204
3638,0.17346938775510204
30984,0.17346938775510204
1774,0.17346938775510204
23940,0.17346938775510204
13540,0.17346938775510204
27758,0.17346938775510204
13038,0.17346938775510204
5128,0.17346938775510204
22663,0.17346938775510204
32121,0.17346938775510204
32317,0.17346938775510204
18829,0.17346938775510204
7735,0.17346938775510204
14655,0.17346938775510204
15516,0.17346938775510204
21990,0.5941828254847645
10786,0.17346938775510204
6234,0.17346938775510204
30853,0.17346938775510204
32135,0.17346938775510204
3223,0.5941828254847645
32826,0.17346938775510204
28430,0.17346938775510204
31482,0.17346938775510204
11919,0.17346938775510204
3178,0.17346938775510204
1913,0.17346938775510204
16404,0.17346938775510204
17036,0.17346938775510204
15142,0.17346938775510204
13844,0.17346938775510204
8719,0.17346938775510204
25458,0.17346938775510204
19270,0.17346938775510204
5814,0.5941828254847645
16645,0.17346938775510204
28613,0.17346938775510204
5502,0.17346938775510204
23411,0.17346938775510204
8893,0.17346938775510204
5617,0.17346938775510204
16544,0.17346938775510204
28433,0.17346938775510204
87,0.17346938775510204
8441,0.17346938775510204
24953,0.17346938775510204
26824,0.17346938775510204
5473,0.17346938775510204
31847,0.17346938775510204
23672,0.17346938775510204
28788,0.17346938775510204
13612,0.17346938775510204
7551,0.17346938775510204
24616,0.17346938775510204
13158,0.17346938775510204
19178,0.17346938775510204
6872,0.17346938775510204
12263,0.17346938775510204
14882,0.17346938775510204
4981,0.17346938775510204
7288,0.17346938775510204
21566,0.5941828254847645
497,0.17346938775510204
22701,0.5941828254847645
2780,0.17346938775510204
20076,0.17346938775510204
21573,0.17346938775510204
16749,0.17346938775510204
31844,0.17346938775510204
13566,0.17346938775510204
10541,0.17346938775510204
13577,0.5941828254847645
21145,0.17346938775510204
2843,0.17346938775510204
7039,0.17346938775510204
22322,0.17346938775510204
27874,0.17346938775510204
19601,0.17346938775510204
13778,0.17346938775510204
29521,0.17346938775510204
13,0.17346938775510204
27320,0.17346938775510204
15490,0.17346938775510204
19062,0.17346938775510204
26330,0.17346938775510204
52,0.17346938775510204
751,0.17346938775510204
618,0.17346938775510204
17431,0.17346938775510204
15632,0.17346938775510204
23506,0.17346938775510204
12673,0.17346938775510204
9007,0.17346938775510204
24255,0.17346938775510204
6750,0.17346938775510204
18508,0.17346938775510204
14114,0.17346938775510204
30366,0.17346938775510204
8892,0.17346938775510204
22109,0.17346938775510204
22344,0.17346938775510204
16796,0.17346938775510204
4724,0.17346938775510204
32246,0.17346938775510204
6826,0.17346938775510204
28198,0.17346938775510204
30010,0.17346938775510204
5876,0.17346938775510204
23641,0.17346938775510204
23062,0.17346938775510204
8297,0.17346938775510204
26253,0.17346938775510204
2254,0.17346938775510204
8753,0.17346938775510204
12726,0.17346938775510204
26959,0.17346938775510204
23075,0.17346938775510204
23129,0.17346938775510204
14760,0.17346938775510204
7916,0.17346938775510204
14330,0.17346938775510204
7168,0.17346938775510204
24829,0.17346938775510204
23307,0.5941828254847645
24964,0.17346938775510204
26326,0.17346938775510204
19266,0.17346938775510204
15567,0.17346938775510204
26360,0.17346938775510204
827,0.17346938775510204
26810,0.17346938775510204
9634,0.17346938775510204
13366,0.17346938775510204
6466,0.17346938775510204
252,0.17346938775510204
17753,0.17346938775510204
10220,0.17346938775510204
10852,0.17346938775510204
28756,0.17346938775510204
15077,0.17346938775510204
16217,0.17346938775510204
28011,0.17346938775510204
30599,0.17346938775510204
16292,0.17346938775510204
28550,0.17346938775510204
25780,0.17346938775510204
15125,0.17346938775510204
17266,0.17346938775510204
16794,0.17346938775510204
33223,0.17346938775510204
16643,0.17346938775510204
21474,0.17346938775510204
4813,0.17346938775510204
27261,0.17346938775510204
15690,0.17346938775510204
6683,0.17346938775510204
2286,0.17346938775510204
20797,0.17346938775510204
8436,0.17346938775510204
17649,0.17346938775510204
23324,0.17346938775510204
27259,0.17346938775510204
27315,0.17346938775510204
25156,0.17346938775510204
3745,0.17346938775510204
21574,0.17346938775510204
1359,0.17346938775510204
163,0.17346938775510204
990,0.17346938775510204
27936,0.17346938775510204
32575,0.17346938775510204
30850,0.17346938775510204
1917,0.17346938775510204
11184,0.5941828254847645
31814,0.17346938775510204
21313,0.17346938775510204
3856,0.17346938775510204
5161,0.17346938775510204
20277,0.17346938775510204
8177,0.17346938775510204
30976,0.17346938775510204
5356,0.17346938775510204
3269,0.17346938775510204
27309,0.17346938775510204
27231,0.17346938775510204
12911,0.17346938775510204
24646,0.17346938775510204
1800,0.5941828254847645
18678,0.17346938775510204
1830,0.17346938775510204
18858,0.17346938775510204
30105,0.17346938775510204
21858,0.17346938775510204
12183,0.17346938775510204
24287,0.17346938775510204
22923,0.17346938775510204
10521,0.17346938775510204
9261,0.17346938775510204
5995,0.17346938775510204
10679,0.17346938775510204
30125,0.17346938775510204
12357,0.17346938775510204
23995,0.17346938775510204
6370,0.17346938775510204
452,0.17346938775510204
5068,0.17346938775510204
25693,0.17346938775510204
22301,0.17346938775510204
30841,0.17346938775510204
30230,0.17346938775510204
14517,0.17346938775510204
32654,0.17346938775510204
12129,0.17346938775510204
23372,0.17346938775510204
25846,0.17346938775510204
12132,0.17346938775510204
13384,0.17346938775510204
32739,0.17346938775510204
28378,0.17346938775510204
6392,0.17346938775510204
19198,0.17346938775510204
27137,0.17346938775510204
23827,0.17346938775510204
18279,0.17346938775510204
8051,0.17346938775510204
20993,0.17346938775510204
26049,0.17346938775510204
16040,0.17346938775510204
31825,0.17346938775510204
28261,0.17346938775510204
16201,0.17346938775510204
1723,0.17346938775510204
10643,0.17346938775510204
8018,0.17346938775510204
14842,0.17346938775510204
28903,0.17346938775510204
18243,0.17346938775510204
31390,0.17346938775510204
15035,0.17346938775510204
29319,0.5941828254847645
19771,0.17346938775510204
6481,0.17346938775510204
7058,0.17346938775510204
4659,0.17346938775510204
18892,0.17346938775510204
31562,0.17346938775510204
31470,0.17346938775510204
13342,0.17346938775510204
20411,0.17346938775510204
18307,0.17346938775510204
15948,0.17346938775510204
6029,0.17346938775510204
17843,0.17346938775510204
28578,0.17346938775510204
14712,0.17346938775510204
17044,0.17346938775510204
9125,0.17346938775510204
26041,0.17346938775510204
17320,0.17346938775510204
6277,0.17346938775510204
16716,0.17346938775510204
1823,0.17346938775510204
21880,0.17346938775510204
20905,0.17346938775510204
4395,0.17346938775510204
32028,0.17346938775510204
33348,0.17346938775510204
11723,0.17346938775510204
26803,0.17346938775510204
17677,0.17346938775510204
11636,0.17346938775510204
19740,0.17346938775510204
5570,0.5941828254847645
3080,0.17346938775510204
12486,0.17346938775510204
25150,0.17346938775510204
5558,0.17346938775510204
9571,0.17346938775510204
25531,0.17346938775510204
27867,0.17346938775510204
16062,0.17346938775510204
240,0.17346938775510204
23095,0.17346938775510204
30615,0.17346938775510204
8914,0.5941828254847645
23807,0.17346938775510204
3431,0.17346938775510204
17529,0.17346938775510204
8344,0.17346938775510204
981,0.17346938775510204
4196,0.17346938775510204
14107,0.17346938775510204
15743,0.17346938775510204
32779,0.17346938775510204
25288,0.17346938775510204
29387,0.17346938775510204
19824,0.17346938775510204
6960,0.17346938775510204
22370,0.5941828254847645
16786,0.17346938775510204
10622,0.17346938775510204
30060,0.17346938775510204
28361,0.17346938775510204
32305,0.17346938775510204
9347,0.17346938775510204
16692,0.17346938775510204
9222,0.17346938775510204
28120,0.17346938775510204
3490,0.5941828254847645
7743,0.17346938775510204
10744,0.17346938775510204
9128,0.17346938775510204
17304,0.17346938775510204
33209,0.5941828254847645
11783,0.5941828254847645
14383,0.17346938775510204
1225,0.17346938775510204
13631,0.17346938775510204
33301,0.17346938775510204
2554,0.17346938775510204
27618,0.17346938775510204
19396,0.17346938775510204
28128,0.17346938775510204
17185,0.17346938775510204
8714,0.17346938775510204
30281,0.17346938775510204
1472,0.17346938775510204
4104,0.17346938775510204
15600,0.17346938775510204
27811,0.17346938775510204
33180,0.17346938775510204
33194,0.17346938775510204
4314,0.17346938775510204
26906,0.17346938775510204
24159,0.17346938775510204
7512,0.17346938775510204
16030,0.17346938775510204
2959,0.17346938775510204
32966,0.17346938775510204
20442,0.17346938775510204
17380,0.17346938775510204
25484,0.17346938775510204
31288,0.17346938775510204
12272,0.17346938775510204
30289,0.17346938775510204
25002,0.17346938775510204
19193,0.17346938775510204
29847,0.17346938775510204
20062,0.17346938775510204
2198,0.17346938775510204
198,0.17346938775510204
265,0.17346938775510204
22204,0.17346938775510204
20901,0.17346938775510204
29487,0.17346938775510204
9240,0.5941828254847645
24896,0.17346938775510204
23124,0.17346938775510204
14418,0.17346938775510204
5142,0.17346938775510204
7437,0.17346938775510204
1566,0.17346938775510204
20197,0.17346938775510204
31865,0.17346938775510204
28674,0.17346938775510204
13287,0.17346938775510204
24763,0.17346938775510204
23652,0.17346938775510204
6512,0.17346938775510204
21472,0.17346938775510204
8155,0.17346938775510204
16433,0.17346938775510204
14317,0.17346938775510204
11704,0.17346938775510204
8355,0.17346938775510204
29035,0.17346938775510204
23316,0.17346938775510204
10326,0.17346938775510204
897,0.17346938775510204
4608,0.17346938775510204
8882,0.17346938775510204
10,0.17346938775510204
24524,0.17346938775510204
31195,0.17346938775510204
29662,0.17346938775510204
868,0.17346938775510204
23476,0.17346938775510204
14556,0.17346938775510204
13481,0.17346938775510204
30032,0.17346938775510204
3581,0.17346938775510204
18435,0.5941828254847645
23530,0.17346938775510204
12559,0.17346938775510204
28451,0.17346938775510204
31573,0.17346938775510204
27380,0.17346938775510204
10557,0.17346938775510204
15976,0.17346938775510204
13934,0.17346938775510204
6561,0.17346938775510204
20325,0.17346938775510204
16446,0.17346938775510204
4323,0.17346938775510204
4936,0.17346938775510204
764,0.17346938775510204
33129,0.17346938775510204
9259,0.17346938775510204
18480,0.17346938775510204
18042,0.17346938775510204
14399,0.17346938775510204
4241,0.17346938775510204
29802,0.17346938775510204
8668,0.17346938775510204
32965,0.17346938775510204
914,0.17346938775510204
5667,0.17346938775510204
2252,0.17346938775510204
24019,0.17346938775510204
16465,0.17346938775510204
15314,0.17346938775510204
18641,0.17346938775510204
23232,0.17346938775510204
15493,0.5941828254847645
14359,0.5941828254847645
21996,0.17346938775510204
24320,0.17346938775510204
33170,0.17346938775510204
2443,0.17346938775510204
30818,0.17346938775510204
3714,0.17346938775510204
26166,0.17346938775510204
14228,0.17346938775510204
15912,0.17346938775510204
3308,0.17346938775510204
30112,0.17346938775510204
9743,0.17346938775510204
26999,0.17346938775510204
436,0.5941828254847645
15814,0.17346938775510204
30695,0.17346938775510204
23397,0.17346938775510204
12714,0.17346938775510204
4650,0.17346938775510204
9141,0.17346938775510204
22899,0.17346938775510204
29666,0.17346938775510204
2822,0.17346938775510204
5815,0.17346938775510204
33245,0.5941828254847645
29473,0.17346938775510204
30964,0.17346938775510204
2989,0.17346938775510204
20713,0.17346938775510204
30654,0.17346938775510204
5618,0.5941828254847645
22954,0.17346938775510204
718,0.17346938775510204
16879,0.17346938775510204
18092,0.17346938775510204
19330,0.17346938775510204
1932,0.17346938775510204
28038,0.17346938775510204
13186,0.17346938775510204
13749,0.17346938775510204
14897,0.17346938775510204
10934,0.17346938775510204
31502,0.17346938775510204
13190,0.17346938775510204
6973,0.17346938775510204
4092,0.17346938775510204
10347,0.17346938775510204
26264,0.17346938775510204
26979,0.17346938775510204
11305,0.17346938775510204
24007,0.17346938775510204
1833,0.17346938775510204
25187,0.17346938775510204
16086,0.17346938775510204
2023,0.17346938775510204
31290,0.17346938775510204
2225,0.17346938775510204
10157,0.17346938775510204
23166,0.17346938775510204
19450,0.17346938775510204
18269,0.17346938775510204
25270,0.17346938775510204
345,0.17346938775510204
1882,0.17346938775510204
22822,0.17346938775510204
2584,0.17346938775510204
20857,0.17346938775510204
10931,0.17346938775510204
1364,0.17346938775510204
9190,0.17346938775510204
5872,0.17346938775510204
12495,0.17346938775510204
4118,0.17346938775510204
30524,0.17346938775510204
25631,0.5941828254847645
16535,0.17346938775510204
17571,0.17346938775510204
30628,0.17346938775510204
27620,0.17346938775510204
18507,0.17346938775510204
14959,0.17346938775510204
17136,0.17346938775510204
19763,0.17346938775510204
33022,0.17346938775510204
4966,0.17346938775510204
10463,0.5941828254847645
9123,0.17346938775510204
10366,0.17346938775510204
22911,0.17346938775510204
23993,0.17346938775510204
12009,0.17346938775510204
782,0.17346938775510204
22898,0.17346938775510204
28227,0.17346938775510204
10067,0.17346938775510204
23283,0.17346938775510204
9081,0.17346938775510204
11838,0.17346938775510204
6797,0.17346938775510204
24129,0.17346938775510204
13094,0.17346938775510204
25839,0.17346938775510204
23351,0.17346938775510204
18454,0.5941828254847645
9131,0.17346938775510204
8099,0.17346938775510204
25507,0.17346938775510204
1230,0.17346938775510204
29509,0.17346938775510204
2577,0.17346938775510204
6543,0.17346938775510204
5881,0.17346938775510204
18662,0.17346938775510204
15710,0.17346938775510204
14134,0.17346938775510204
4142,0.17346938775510204
29106,0.17346938775510204
30480,0.17346938775510204
20313,0.17346938775510204
14100,0.17346938775510204
3531,0.17346938775510204
11047,0.17346938775510204
27497,0.17346938775510204
16022,0.17346938775510204
21445,0.17346938775510204
1109,0.17346938775510204
29361,0.17346938775510204
844,0.17346938775510204
22276,0.17346938775510204
23623,0.17346938775510204
13166,0.17346938775510204
20464,0.17346938775510204
16565,0.17346938775510204
17416,0.17346938775510204
19382,0.17346938775510204
30485,0.17346938775510204
10270,0.17346938775510204
14188,0.17346938775510204
20007,0.17346938775510204
10738,0.17346938775510204
169,0.17346938775510204
5074,0.17346938775510204
25349,0.17346938775510204
30882,0.17346938775510204
5920,0.17346938775510204
4219,0.17346938775510204
8667,0.17346938775510204
31705,0.17346938775510204
4415,0.17346938775510204
33057,0.17346938775510204
6482,0.17346938775510204
3279,0.17346938775510204
6445,0.17346938775510204
19255,0.5941828254847645
4244,0.17346938775510204
3174,0.17346938775510204
4045,0.17346938775510204
7765,0.17346938775510204
3905,0.17346938775510204
25346,0.17346938775510204
9598,0.17346938775510204
22988,0.17346938775510204
21218,0.17346938775510204
16059,0.17346938775510204
20559,0.17346938775510204
26421,0.17346938775510204
27349,0.17346938775510204
25856,0.17346938775510204
16320,0.17346938775510204
19695,0.17346938775510204
7205,0.17346938775510204
12349,0.17346938775510204
11422,0.17346938775510204
32462,0.17346938775510204
30483,0.17346938775510204
23925,0.17346938775510204
31255,0.17346938775510204
30261,0.17346938775510204
8244,0.17346938775510204
28389,0.17346938775510204
17042,0.17346938775510204
18068,0.17346938775510204
10274,0.17346938775510204
15076,0.17346938775510204
3728,0.17346938775510204
21131,0.17346938775510204
25785,0.17346938775510204
21527,0.17346938775510204
22105,0.17346938775510204
8764,0.17346938775510204
28510,0.17346938775510204
13311,0.17346938775510204
918,0.17346938775510204
32298,0.17346938775510204
30076,0.17346938775510204
1973,0.5941828254847645
11352,0.17346938775510204
5604,0.17346938775510204
3569,0.17346938775510204
32647,0.17346938775510204
24790,0.17346938775510204
24736,0.5941828254847645
12985,0.17346938775510204
19386,0.17346938775510204
27727,0.17346938775510204
19147,0.17346938775510204
22833,0.17346938775510204
5500,0.17346938775510204
6408,0.17346938775510204
9323,0.17346938775510204
10335,0.17346938775510204
1740,0.17346938775510204
13496,0.17346938775510204
733,0.17346938775510204
10286,0.17346938775510204
10731,0.17346938775510204
27157,0.17346938775510204
30618,0.17346938775510204
9992,0.17346938775510204
16600,0.17346938775510204
15470,0.17346938775510204
5692,0.17346938775510204
4385,0.17346938775510204
20209,0.17346938775510204
23266,0.17346938775510204
1496,0.17346938775510204
7580,0.17346938775510204
32477,0.17346938775510204
20630,0.17346938775510204
22377,0.17346938775510204
458,0.17346938775510204
19953,0.17346938775510204
32723,0.17346938775510204
1700,0.17346938775510204
3258,0.17346938775510204
4482,0.17346938775510204
26622,0.17346938775510204
16815,0.17346938775510204
8585,0.17346938775510204
25235,0.17346938775510204
3759,0.17346938775510204
28097,0.17346938775510204
25360,0.17346938775510204
21115,0.17346938775510204
4622,0.17346938775510204
12124,0.17346938775510204
32737,0.17346938775510204
21556,0.17346938775510204
24332,0.17346938775510204
3867,0.17346938775510204
24747,0.17346938775510204
8634,0.17346938775510204
27546,0.17346938775510204
27406,0.17346938775510204
3662,0.17346938775510204
116,0.17346938775510204
3924,0.17346938775510204
8915,0.17346938775510204
6681,0.17346938775510204
8967,0.17346938775510204
11099,0.5941828254847645
30416,0.17346938775510204
22252,0.17346938775510204
18753,0.17346938775510204
20820,0.17346938775510204
10094,0.17346938775510204
30737,0.17346938775510204
27101,0.17346938775510204
11069,0.17346938775510204
8929,0.17346938775510204
16545,0.17346938775510204
32714,0.17346938775510204
31484,0.17346938775510204
18623,0.5941828254847645
22787,0.17346938775510204
30059,0.17346938775510204
16283,0.17346938775510204
28769,0.17346938775510204
33043,0.17346938775510204
28403,0.17346938775510204
1759,0.17346938775510204
2410,0.17346938775510204
5919,0.17346938775510204
17138,0.17346938775510204
14696,0.17346938775510204
13814,0.17346938775510204
4070,0.17346938775510204
31729,0.17346938775510204
20238,0.17346938775510204
10430,0.17346938775510204
32986,0.17346938775510204
7975,0.17346938775510204
25754,0.17346938775510204
4442,0.17346938775510204
5495,0.17346938775510204
19548,0.17346938775510204
26060,0.17346938775510204
12429,0.17346938775510204
28240,0.17346938775510204
11326,0.17346938775510204
33266,0.17346938775510204
4220,0.17346938775510204
22321,0.17346938775510204
2533,0.17346938775510204
1326,0.17346938775510204
9167,0.17346938775510204
14151,0.5941828254847645
7384,0.17346938775510204
25428,0.17346938775510204
17823,0.17346938775510204
8181,0.17346938775510204
4930,0.17346938775510204
22807,0.17346938775510204
20971,0.17346938775510204
19354,0.17346938775510204
17080,0.17346938775510204
3853,0.17346938775510204
23071,0.17346938775510204
30354,0.17346938775510204
13391,0.17346938775510204
16625,0.17346938775510204
15935,0.17346938775510204
10747,0.17346938775510204
1149,0.17346938775510204
29716,0.17346938775510204
15322,0.17346938775510204
20454,0.17346938775510204
5530,0.17346938775510204
20341,0.17346938775510204
12839,0.17346938775510204
23613,0.17346938775510204
3695,0.17346938775510204
15439,0.17346938775510204
7736,0.17346938775510204
14803,0.17346938775510204
17362,0.5941828254847645
20052,0.17346938775510204
25550,0.17346938775510204
12662,0.17346938775510204
24785,0.17346938775510204
32176,0.17346938775510204
26093,0.17346938775510204
23499,0.17346938775510204
20576,0.17346938775510204
10605,0.17346938775510204
31931,0.17346938775510204
20501,0.17346938775510204
18360,0.17346938775510204
13731,0.17346938775510204
5721,0.17346938775510204
3910,0.17346938775510204
27859,0.17346938775510204
17774,0.17346938775510204
18626,0.5941828254847645
26780,0.17346938775510204
12823,0.17346938775510204
30098,0.17346938775510204
11378,0.17346938775510204
30711,0.17346938775510204
12847,0.17346938775510204
3082,0.17346938775510204
29089,0.17346938775510204
2523,0.17346938775510204
17383,0.5941828254847645
24220,0.17346938775510204
8786,0.17346938775510204
3289,0.17346938775510204
1671,0.17346938775510204
26314,0.17346938775510204
12657,0.17346938775510204
10008,0.17346938775510204
31581,0.17346938775510204
30070,0.17346938775510204
8006,0.17346938775510204
31092,0.17346938775510204
12780,0.17346938775510204
17510,0.17346938775510204
1064,0.17346938775510204
20828,0.17346938775510204
17351,0.17346938775510204
27869,0.17346938775510204
2229,0.17346938775510204
30527,0.17346938775510204
27721,0.17346938775510204
22122,0.17346938775510204
4400,0.17346938775510204
31586,0.17346938775510204
23280,0.17346938775510204
6424,0.17346938775510204
17492,0.17346938775510204
21751,0.17346938775510204
5034,0.17346938775510204
23654,0.17346938775510204
7199,0.17346938775510204
27138,0.17346938775510204
607,0.17346938775510204
21524,0.17346938775510204
31121,0.5941828254847645
16064,0.17346938775510204
2385,0.17346938775510204
29755,0.17346938775510204
31350,0.17346938775510204
23475,0.17346938775510204
2865,0.17346938775510204
4996,0.17346938775510204
23065,0.17346938775510204
10398,0.17346938775510204
7995,0.17346938775510204
19479,0.17346938775510204
21507,0.17346938775510204
2549,0.17346938775510204
21171,0.17346938775510204
24751,0.17346938775510204
12902,0.17346938775510204
23380,0.17346938775510204
9534,0.17346938775510204
28969,0.17346938775510204
7698,0.17346938775510204
14058,0.17346938775510204
27081,0.17346938775510204
26961,0.17346938775510204
19709,0.17346938775510204
6156,0.17346938775510204
19834,0.17346938775510204
15979,0.17346938775510204
20131,0.17346938775510204
22142,0.5941828254847645
27087,0.17346938775510204
4419,0.17346938775510204
27660,0.17346938775510204
7890,0.17346938775510204
9847,0.17346938775510204
20973,0.17346938775510204
23113,0.17346938775510204
10549,0.17346938775510204
11418,0.17346938775510204
24626,0.17346938775510204
29997,0.17346938775510204
23165,0.17346938775510204
31372,0.17346938775510204
2461,0.17346938775510204
6348,0.17346938775510204
4406,0.17346938775510204
21928,0.17346938775510204
27638,0.17346938775510204
31344,0.17346938775510204
17723,0.17346938775510204
26406,0.17346938775510204
31005,0.17346938775510204
11944,0.17346938775510204
28778,0.17346938775510204
18635,0.17346938775510204
14164,0.17346938775510204
23353,0.17346938775510204
22286,0.17346938775510204
12922,0.17346938775510204
17889,0.17346938775510204
22794,0.17346938775510204
27378,0.17346938775510204
5119,0.5941828254847645
2764,0.17346938775510204
14299,0.17346938775510204
31747,0.17346938775510204
10668,0.17346938775510204
15349,0.17346938775510204
23192,0.17346938775510204
26983,0.17346938775510204
33195,0.17346938775510204
5948,0.5941828254847645
9052,0.17346938775510204
29258,0.17346938775510204
11765,0.17346938775510204
4175,0.17346938775510204
21,0.17346938775510204
15318,0.5941828254847645
27673,0.17346938775510204
12452,0.17346938775510204
9278,0.17346938775510204
13568,0.17346938775510204
29951,0.17346938775510204
25473,0.17346938775510204
30444,0.17346938775510204
27279,0.17346938775510204
31592,0.17346938775510204
25355,0.17346938775510204
19663,0.17346938775510204
20548,0.17346938775510204
20387,0.17346938775510204
22166,0.17346938775510204
8950,0.17346938775510204
26973,0.17346938775510204
6992,0.17346938775510204
23151,0.17346938775510204
24090,0.17346938775510204
18366,0.17346938775510204
15173,0.17346938775510204
23856,0.17346938775510204
27904,0.17346938775510204
11480,0.17346938775510204
5352,0.17346938775510204
7982,0.17346938775510204
1222,0.17346938775510204
8191,0.17346938775510204
15776,0.17346938775510204
20036,0.17346938775510204
3832,0.17346938775510204
21481,0.17346938775510204
22016,0.17346938775510204
30324,0.17346938775510204
15616,0.17346938775510204
24263,0.17346938775510204
6877,0.17346938775510204
24228,0.17346938775510204
6495,0.17346938775510204
19030,0.17346938775510204
10672,0.17346938775510204
16473,0.17346938775510204
14943,0.17346938775510204
30091,0.17346938775510204
6097,0.17346938775510204
19795,0.17346938775510204
3949,0.17346938775510204
12267,0.17346938775510204
16739,0.17346938775510204
18304,0.17346938775510204
22071,0.17346938775510204
8792,0.17346938775510204
10845,0.17346938775510204
9969,0.17346938775510204
26499,0.17346938775510204
2095,0.17346938775510204
30954,0.17346938775510204
2880,0.17346938775510204
71,0.17346938775510204
31734,0.17346938775510204
19579,0.17346938775510204
21336,0.17346938775510204
8389,0.17346938775510204
4237,0.17346938775510204
10779,0.17346938775510204
15046,0.17346938775510204
25945,0.17346938775510204
23664,0.17346938775510204
14352,0.17346938775510204
17739,0.17346938775510204
17848,0.17346938775510204
32430,0.17346938775510204
10051,0.17346938775510204
14729,0.17346938775510204
21070,0.17346938775510204
16316,0.17346938775510204
26208,0.17346938775510204
3755,0.17346938775510204
1564,0.17346938775510204
1353,0.17346938775510204
11798,0.17346938775510204
21921,0.17346938775510204
336,0.17346938775510204
26061,0.17346938775510204
15015,0.17346938775510204
18510,0.17346938775510204
14903,0.17346938775510204
8789,0.17346938775510204
509,0.17346938775510204
29121,0.17346938775510204
23287,0.17346938775510204
1966,0.17346938775510204
10586,0.17346938775510204
6832,0.17346938775510204
6453,0.17346938775510204
31811,0.17346938775510204
29177,0.17346938775510204
11865,0.17346938775510204
861,0.17346938775510204
16229,0.17346938775510204
29181,0.17346938775510204
10058,0.17346938775510204
5328,0.5941828254847645
30268,0.17346938775510204
30457,0.17346938775510204
9859,0.5941828254847645
7798,0.17346938775510204
3454,0.17346938775510204
13950,0.17346938775510204
30990,0.17346938775510204
11421,0.17346938775510204
9982,0.17346938775510204
19615,0.17346938775510204
17929,0.17346938775510204
10871,0.17346938775510204
31261,0.17346938775510204
28768,0.17346938775510204
2192,0.17346938775510204
614,0.17346938775510204
935,0.17346938775510204
15655,0.17346938775510204
4891,0.17346938775510204
13703,0.17346938775510204
18548,0.17346938775510204
19941,0.17346938775510204
29134,0.17346938775510204
20749,0.17346938775510204
24343,0.17346938775510204
14065,0.17346938775510204
25049,0.5941828254847645
19253,0.17346938775510204
1673,0.17346938775510204
24745,0.17346938775510204
1552,0.17346938775510204
32078,0.17346938775510204
22495,0.17346938775510204
6926,0.17346938775510204
21477,0.17346938775510204
11186,0.17346938775510204
20669,0.17346938775510204
13528,0.17346938775510204
16279,0.17346938775510204
284,0.17346938775510204
6324,0.17346938775510204
4912,0.17346938775510204
7833,0.17346938775510204
5978,0.17346938775510204
25078,0.17346938775510204
32209,0.17346938775510204
31960,0.17346938775510204
20398,0.17346938775510204
26147,0.17346938775510204
11206,0.17346938775510204
30327,0.17346938775510204
3112,0.17346938775510204
7655,0.17346938775510204
30447,0.17346938775510204
27922,0.17346938775510204
25512,0.17346938775510204
5813,0.17346938775510204
27205,0.17346938775510204
25834,0.17346938775510204
23942,0.17346938775510204
13504,0.17346938775510204
11003,0.17346938775510204
11366,0.17346938775510204
4570,0.5941828254847645
12765,0.17346938775510204
7226,0.17346938775510204
293,0.17346938775510204
20158,0.17346938775510204
17408,0.17346938775510204
9928,0.17346938775510204
30411,0.17346938775510204
32644,0.17346938775510204
26986,0.17346938775510204
23443,0.17346938775510204
11773,0.17346938775510204
14700,0.17346938775510204
28196,0.17346938775510204
14235,0.17346938775510204
24205,0.17346938775510204
23173,0.17346938775510204
29820,0.17346938775510204
31109,0.17346938775510204
31125,0.17346938775510204
21585,0.17346938775510204
18637,0.17346938775510204
14453,0.5941828254847645
33271,0.17346938775510204
31540,0.17346938775510204
23496,0.17346938775510204
19544,0.17346938775510204
726,0.17346938775510204
21867,0.5941828254847645
33293,0.17346938775510204
30110,0.17346938775510204
24545,0.5941828254847645
7151,0.17346938775510204
24805,0.17346938775510204
10658,0.17346938775510204
5054,0.17346938775510204
2293,0.5941828254847645
2365,0.17346938775510204
32781,0.5941828254847645
31608,0.17346938775510204
8836,0.17346938775510204
1808,0.17346938775510204
27918,0.17346938775510204
13234,0.17346938775510204
3416,0.17346938775510204
13758,0.17346938775510204
5802,0.17346938775510204
21938,0.17346938775510204
9394,0.5941828254847645
13885,0.17346938775510204
8179,0.17346938775510204
31701,0.17346938775510204
538,0.17346938775510204
13558,0.17346938775510204
4701,0.17346938775510204
31457,0.17346938775510204
16332,0.17346938775510204
17328,0.17346938775510204
12026,0.17346938775510204
24952,0.17346938775510204
11689,0.17346938775510204
27144,0.17346938775510204
8880,0.17346938775510204
7886,0.17346938775510204
12279,0.17346938775510204
5326,0.17346938775510204
4017,0.17346938775510204
